frame_idx,fish_id,length_cm
0,1,6.847963256835937
1,2,5.867860717773437
2,3,5.978231201171875
3,1,7.020718383789062
4,2,5.772672729492188
5,3,6.1539544677734375
6,1,7.041751098632813
7,2,5.81379638671875
8,3,6.319590454101562
9,1,7.222438354492187
10,2,5.7558526611328125
11,3,6.460200805664062
12,1,6.792500610351563
13,2,5.813681030273438
14,3,6.405458374023437
15,1,6.162350463867187
16,2,5.769019775390625
17,3,6.203948974609375
18,1,5.943137817382812
19,2,5.807725219726563
20,3,6.183514404296875
21,1,5.829584350585938
22,2,5.750630493164063
23,3,6.356004638671875
24,1,5.74128662109375
25,2,5.633232421875
26,3,6.268489990234375
27,1,6.003001098632812
28,2,5.678618774414063
29,3,6.724349365234375
30,1,5.728637084960938
31,2,5.5529547119140625
32,3,6.62489501953125
33,1,5.011719665527344
34,2,5.655038452148437
35,3,6.483577270507812
36,1,5.9320947265625
37,2,4.712439270019531
38,3,6.38760009765625
39,1,5.457874755859375
40,2,5.185985107421875
41,3,6.305743408203125
42,1,5.89751708984375
43,2,5.5170355224609375
44,3,6.199522094726563
45,1,6.341643676757813
46,2,5.43905517578125
47,3,6.189480590820312
48,1,5.866983032226562
49,2,6.618473510742188
50,3,6.609692993164063
51,1,7.20645263671875
52,2,5.91468017578125
53,3,6.382322998046875
54,1,7.2440728759765625
55,2,5.875642700195312
56,3,6.3273486328125
57,1,6.450118408203125
58,2,5.773104858398438
59,3,6.198286743164062
60,1,5.466159057617188
61,2,6.114177856445313
62,3,5.753296508789062
63,1,6.102782592773438
64,2,5.542542114257812
65,3,5.7997265625
66,1,6.057634887695312
67,2,5.583113403320312
68,3,6.05893310546875
69,1,5.49247802734375
70,2,6.073602294921875
71,3,6.66386474609375
72,1,5.562042236328125
73,2,6.2505615234375
74,3,7.266314086914062
75,1,5.598343505859375
76,2,6.254050903320312
77,3,7.497388916015625
78,1,5.60509521484375
79,2,6.428601684570313
80,3,7.457865600585937
81,1,5.613282470703125
82,2,6.54483642578125
83,3,7.380311279296875
84,1,5.579033203125
85,2,6.473768310546875
86,3,7.758222045898438
87,1,6.8053662109375
88,2,5.534656982421875
89,3,6.648760986328125
90,1,6.520394897460937
91,2,5.620302124023437
92,3,7.0718927001953125
93,1,6.523080444335937
94,2,6.465820922851562
95,3,5.686544799804688
96,1,6.498338623046875
97,2,6.404502563476562
98,3,5.599017333984375
99,1,6.537745971679687
100,2,5.385995483398437
101,3,6.332040405273437
102,1,6.9619140625
103,2,5.464116821289062
104,3,6.253735961914063
105,1,7.11207275390625
106,2,5.275232543945313
107,3,6.337471923828125
108,1,7.05783447265625
109,2,5.536412963867187
110,3,6.303096923828125
111,1,6.9704437255859375
112,2,5.63692626953125
113,3,6.4030029296875
114,1,6.832459106445312
115,2,6.376947631835938
116,3,5.7060614013671875
117,1,5.972271118164063
118,2,5.7720098876953125
119,3,6.65549072265625
120,1,6.693925170898438
121,2,6.039371337890625
122,3,6.573192749023438
123,1,6.820350952148438
124,2,5.745951538085937
125,3,6.580171508789062
126,1,7.290208129882813
127,2,5.598235473632813
128,3,6.51397705078125
129,1,5.500486450195313
130,2,6.3716015625
131,3,7.56707763671875
132,1,5.480862426757812
133,2,7.578341064453125
134,3,6.3345849609375
135,1,5.64454833984375
136,2,7.625830078125
137,3,6.34206298828125
138,1,5.62549072265625
139,2,7.428135375976563
140,3,6.498494262695313
141,1,5.731500244140625
142,2,6.918561401367188
143,3,6.487643432617188
144,1,6.517904052734375
145,2,5.459959716796875
146,3,6.55765869140625
147,1,5.6355029296875
148,2,5.300482177734375
149,3,6.385355834960937
150,1,5.1972808837890625
151,2,6.2069775390625
152,3,6.384113159179687
153,1,6.997172241210937
154,2,4.968815307617188
155,3,6.56047607421875
156,1,7.045958251953125
157,2,6.65437255859375
158,3,5.0462158203125
159,1,6.786580810546875
160,2,6.429756469726563
161,3,5.572293090820312
162,1,7.327206420898437
163,2,6.421904907226563
164,3,5.762659912109375
165,1,7.471241455078125
166,2,6.538961791992188
167,3,5.75408447265625
168,1,7.0003118896484375
169,2,6.045422973632813
170,3,5.860941772460937
171,1,6.2001806640625
172,2,6.527155151367188
173,3,5.766718139648438
174,1,6.293098754882813
175,2,6.0710205078125
176,3,5.7603997802734375
177,1,6.015925903320312
178,2,6.407467041015625
179,3,5.700787963867188
180,1,6.714598999023438
181,2,6.491635131835937
182,3,5.695608520507813
183,1,6.903300170898437
184,2,6.717786254882813
185,3,5.654920043945313
186,1,6.99986083984375
187,2,6.955377807617188
188,3,5.798033447265625
189,1,6.95904296875
190,2,7.27436279296875
191,3,5.784136962890625
192,1,6.669853515625
193,2,7.367785034179687
194,3,5.721919555664062
195,1,6.421395263671875
196,2,7.121192626953125
197,3,5.369907836914063
198,1,6.99654052734375
199,2,6.24514404296875
200,3,5.181090087890625
201,1,7.001798095703125
202,2,6.191839599609375
203,3,5.041109924316406
204,1,6.53382080078125
205,2,4.717008972167969
206,3,7.002084350585937
207,1,6.467635498046875
208,2,5.2124176025390625
209,3,7.1138153076171875
210,1,5.454146118164062
211,2,6.5680322265625
212,3,6.22652587890625
213,1,6.764547119140625
214,2,5.5959765625
215,3,6.371089477539062
216,1,5.584466552734375
217,2,6.653035278320313
218,3,6.52376708984375
219,1,5.527918701171875
220,2,6.669269409179687
221,3,6.718140258789062
222,1,5.836087036132812
223,2,6.92673828125
224,3,6.588517456054688
225,1,5.766668090820312
226,2,7.180094604492187
227,3,6.59001220703125
228,1,5.640142211914062
229,2,7.043831176757813
230,3,6.6469384765625
231,1,7.193140258789063
232,2,5.51115966796875
233,3,6.778878784179687
234,1,7.143861083984375
235,2,5.34728759765625
236,3,6.65018798828125
237,1,5.329523315429688
238,2,6.631589965820313
239,3,6.674542846679688
240,1,5.76033203125
241,2,6.507804565429687
242,3,6.721243896484375
243,1,5.956328125
244,2,6.98175048828125
245,3,6.723506469726562
246,1,5.517470703125
247,2,6.7135791015625
248,3,6.805133666992187
249,1,6.8276824951171875
250,2,5.294382934570312
251,3,6.887395629882812
252,1,6.843826904296875
253,2,5.045823669433593
254,3,6.428919067382813
255,1,4.792964477539062
256,2,6.5151220703125
257,3,6.390597534179688
258,1,7.136388549804687
259,2,4.526676330566406
260,3,6.44554443359375
261,1,7.009739379882813
262,2,4.681492004394531
263,3,6.558960571289062
264,1,6.843162841796875
265,2,5.2477349853515625
266,3,6.449478759765625
267,1,6.9458642578125
268,2,5.662230224609375
269,3,6.52200439453125
270,1,6.63222412109375
271,2,6.076886596679688
272,3,6.617723388671875
273,1,6.3995751953125
274,2,5.822733764648437
275,3,6.628567504882812
276,1,5.947156372070313
277,2,5.89432861328125
278,3,6.784562377929688
279,1,5.91391357421875
280,2,6.144190673828125
281,3,7.054225463867187
282,1,5.261121215820313
283,2,5.6935797119140625
284,3,6.930752563476562
285,1,4.937483215332032
286,2,6.37932373046875
287,3,6.60520263671875
288,1,6.61293212890625
289,2,4.562689208984375
290,3,6.915831298828125
291,1,6.467655639648438
292,2,5.012166748046875
293,3,6.515614624023438
294,1,5.390133056640625
295,2,5.885948486328125
296,3,6.799006958007812
297,1,5.457837524414063
298,2,5.988667602539063
299,3,6.398656616210937
300,1,5.982205200195312
301,2,5.345098876953125
302,3,5.863576049804688
303,1,5.514725341796875
304,2,6.021840209960938
305,3,5.508927001953125
306,1,5.3072882080078125
307,2,6.0716400146484375
308,3,5.577764892578125
309,1,5.499202270507812
310,2,5.587242431640625
311,3,6.363934936523438
312,1,5.031325378417969
313,2,6.698591918945312
314,3,5.893003540039063
315,1,4.680837707519531
316,2,5.87109619140625
317,3,6.653905639648437
318,1,4.769485778808594
319,2,5.546473999023437
320,3,6.574730224609375
321,1,5.2403369140625
322,2,5.400106811523438
323,3,6.651951904296875
324,1,5.598483276367188
325,2,5.7573480224609375
326,3,6.788076171875
327,1,5.6523974609375
328,2,6.000669555664063
329,3,6.64640869140625
330,1,5.552174072265625
331,2,5.880829467773437
332,3,6.92856201171875
333,1,5.982177124023438
334,2,6.113933715820313
335,3,7.004893188476562
336,1,6.177914428710937
337,2,5.909861450195312
338,3,7.185406494140625
339,1,6.140029296875
340,2,5.511817626953125
341,3,7.336956176757813
342,1,6.19892333984375
343,2,5.104472351074219
344,3,7.4133978271484375
345,1,6.0246630859375
346,2,5.0638623046875
347,3,7.338358764648437
348,1,4.982691345214843
349,2,5.488629150390625
350,3,7.246642456054688
351,1,4.8623348999023435
352,2,5.763582763671875
353,3,7.31260498046875
354,1,4.322361145019531
355,2,4.639992370605468
356,3,7.175134887695313
357,1,4.711162719726563
358,2,3.765470275878906
359,3,6.992449340820312
360,1,5.0109555053710935
361,2,3.64867919921875
362,3,6.819080200195312
363,1,5.36378662109375
364,2,4.087267456054687
365,3,6.853068237304687
366,1,5.474649047851562
367,2,4.565785827636719
368,3,6.947806396484375
369,1,5.424840087890625
370,2,5.001361999511719
371,3,7.430166015625
372,1,4.435328063964843
373,2,5.487308959960938
374,3,7.250657958984375
375,1,3.6967678833007813
376,2,5.065859985351563
377,3,6.815126342773437
378,1,4.412471313476562
379,2,4.272831726074219
380,3,7.033458862304688
381,1,4.746777954101563
382,2,4.372588500976563
383,3,6.964231567382813
384,1,5.386026611328125
385,2,4.068609008789062
386,3,6.885709838867188
387,1,4.3621728515625
388,2,5.46896484375
389,3,6.873970336914063
390,1,5.006713256835938
391,2,5.538905029296875
392,3,6.92931640625
393,1,5.383396606445313
394,2,5.195187377929687
395,3,6.868443603515625
396,1,4.958210754394531
397,2,5.60968017578125
398,3,6.874207763671875
399,1,4.706513977050781
400,2,4.673807067871094
401,3,6.8229345703125
402,1,4.790325317382813
403,2,4.4638064575195315
404,3,6.841220703125
405,1,4.837922058105469
406,2,4.588773803710938
407,3,6.802930908203125
408,1,4.9171578979492185
409,2,5.073263244628906
410,3,6.824481811523437
411,1,5.199668579101562
412,2,5.108203125
413,3,6.874429321289062
414,1,5.001717224121093
415,2,5.313942260742188
416,3,6.932402954101563
417,1,4.992056274414063
418,2,5.393076782226562
419,3,6.905573120117188
420,1,5.114699096679687
421,2,5.44772705078125
422,3,6.939679565429688
423,1,5.278646240234375
424,2,5.4486328125
425,3,6.9958953857421875
426,1,5.484381103515625
427,2,5.58518310546875
428,3,7.0229443359375
429,1,5.617982788085937
430,2,5.892808227539063
431,3,7.064456787109375
432,1,5.457471313476563
433,2,7.015752563476562
434,3,5.936544189453125
435,1,5.6829901123046875
436,2,6.8780908203125
437,3,6.0456005859375
438,1,5.886429443359375
439,2,6.851179809570312
440,3,6.03277587890625
441,1,5.954707641601562
442,2,6.836646728515625
443,3,6.21903076171875
444,1,6.036986083984375
445,2,6.277978515625
446,3,6.888663940429687
447,1,6.054285888671875
448,2,6.123314208984375
449,3,6.973179931640625
450,1,5.9474658203125
451,2,6.180187377929688
452,3,7.100728759765625
453,1,5.898862915039063
454,2,6.227416381835938
455,3,7.034788208007813
456,1,5.62422607421875
457,2,6.006366577148437
458,3,6.976163940429688
459,1,5.720835571289062
460,2,6.472916259765625
461,3,6.862164306640625
462,1,6.293692626953125
463,2,5.6465283203125
464,3,6.809240112304687
465,1,6.242296752929687
466,2,5.126943969726563
467,3,6.800564575195312
468,1,6.28623291015625
469,2,4.931634521484375
470,3,6.874277954101562
471,1,6.359277954101563
472,2,4.689700927734375
473,3,6.94415771484375
474,1,6.34355224609375
475,2,5.010256652832031
476,3,7.036170654296875
477,1,6.5276171875
478,2,4.950488586425781
479,3,7.25112548828125
480,1,5.141927490234375
481,2,6.70741943359375
482,3,7.200206298828125
483,1,6.625607299804687
484,2,5.436967163085938
485,3,7.128703002929687
486,1,6.6422802734375
487,2,5.605393676757813
488,3,6.94104736328125
489,1,6.6941845703125
490,2,5.664380493164063
491,3,6.877192993164062
492,1,6.820678100585938
493,2,5.484896850585938
494,3,6.807344970703125
495,1,5.477915649414062
496,2,6.87001220703125
497,3,6.8046197509765625
498,1,5.765236206054688
499,2,6.770960083007813
500,3,6.80806640625
501,1,6.348518676757813
502,2,5.847184448242188
503,3,6.742205810546875
504,1,6.211682739257813
505,2,5.719935913085937
506,3,6.764557495117187
507,1,6.25498779296875
508,2,5.82390869140625
509,3,6.736212158203125
510,1,6.442977294921875
511,2,5.9487451171875
512,3,6.718200073242188
513,1,6.570289916992188
514,2,5.662132568359375
515,3,6.72814453125
516,1,6.65357421875
517,2,5.836494140625
518,3,6.929019165039063
519,1,6.71739013671875
520,2,5.908865356445313
521,3,6.754519653320313
522,1,6.79934326171875
523,2,6.010814208984375
524,3,6.7304443359375
525,1,6.615137939453125
526,2,5.810653076171875
527,3,6.55419921875
528,1,6.412310791015625
529,2,5.878114013671875
530,3,6.3436376953125
531,1,6.455232543945312
532,2,5.976798706054687
533,3,6.3751904296875
534,1,5.98456787109375
535,2,6.467172241210937
536,3,6.43359375
537,1,6.110072021484375
538,2,6.035358276367187
539,3,6.56359375
540,1,6.175894165039063
541,2,6.039956665039062
542,3,6.60317626953125
543,1,6.0190972900390625
544,2,6.1486767578125
545,3,6.622528076171875
546,1,6.31950439453125
547,2,5.83357666015625
548,3,6.651888427734375
549,1,5.861130981445313
550,2,6.348010864257812
551,3,6.722235107421875
552,1,5.817275390625
553,2,6.77634765625
554,3,6.244871215820313
555,1,5.868701171875
556,2,6.854166870117187
557,3,6.04449951171875
558,1,5.930584106445313
559,2,6.929981689453125
560,3,5.94947509765625
561,1,6.921971435546875
562,2,5.8651025390625
563,3,5.9518408203125
564,1,6.9060205078125
565,2,5.8720458984375
566,3,5.962640380859375
567,1,5.870150146484375
568,2,6.798917846679688
569,3,6.257429809570312
570,1,6.1899560546875
571,2,6.8077020263671875
572,3,5.342817993164062
573,1,6.911303100585937
574,2,6.141337890625
575,3,4.829870910644531
576,1,6.904707641601562
577,2,6.185070190429688
578,3,4.107541198730469
579,1,6.936777954101562
580,2,6.149267578125
581,3,3.8536090087890624
582,1,6.833804321289063
583,2,6.1132659912109375
584,3,4.6368319702148435
585,1,6.900204467773437
586,2,6.297313842773438
587,3,4.624497375488281
588,1,6.906117553710938
589,2,4.873941345214844
590,3,6.52103271484375
591,1,6.900164184570312
592,2,5.369172973632812
593,3,6.405330810546875
594,1,6.2702880859375
595,2,6.876165771484375
596,3,4.859022216796875
597,1,6.9187060546875
598,2,4.0513607788085935
599,3,6.254660034179688
600,1,6.88477783203125
601,2,4.386592102050781
602,3,6.110554809570313
603,1,6.8475
604,2,4.798722839355468
605,3,6.025595703125
606,1,6.815986328125
607,2,5.24948486328125
608,3,6.02063720703125
609,1,6.79963134765625
610,2,5.992999877929687
611,3,5.520281372070312
612,1,6.78347900390625
613,2,6.0362310791015625
614,3,5.230037841796875
615,1,6.749017333984375
616,2,6.209338989257812
617,3,5.520632934570313
618,1,6.667500610351563
619,2,5.910652465820313
620,3,5.678876953125
621,1,6.6576165771484375
622,2,5.937647094726563
623,3,5.811710815429688
624,1,6.646019287109375
625,2,5.929125366210937
626,3,5.751962280273437
627,1,6.765572509765625
628,2,6.24078369140625
629,3,5.672642822265625
630,1,6.64244384765625
631,2,6.338095092773438
632,3,5.45956298828125
633,1,6.678297119140625
634,2,6.200714721679687
635,3,5.332381591796875
636,1,6.645747680664062
637,2,5.927079467773438
638,3,5.266627197265625
639,1,6.717092895507813
640,2,6.031079711914063
641,3,5.293429565429688
642,1,6.761727294921875
643,2,5.982059326171875
644,3,5.368740234375
645,1,6.79122314453125
646,2,5.932269897460937
647,3,5.474470825195312
648,1,6.784376220703125
649,2,6.0416015625
650,3,5.632018432617188
651,1,6.77091552734375
652,2,5.742310791015625
653,3,5.806074829101562
654,1,6.792474975585938
655,2,5.524324340820312
656,3,5.686690063476562
657,1,6.784329833984375
658,2,5.363761596679687
659,3,5.643345336914063
660,1,6.771265869140625
661,2,5.347952270507813
662,3,5.242208862304688
663,1,6.664390258789062
664,2,5.897237548828125
665,3,5.778787841796875
666,1,6.571158447265625
667,2,5.66514892578125
668,3,5.831847534179688
669,1,6.4552294921875
670,2,5.869564208984375
671,3,5.853244018554688
672,1,6.355879516601562
673,2,5.824552001953125
674,3,5.800267944335937
675,1,6.347559204101563
676,2,5.720671997070313
677,3,6.292474365234375
678,1,6.3188134765625
679,2,5.7549365234375
680,3,5.879098510742187
681,1,6.406837158203125
682,2,5.74931884765625
683,3,5.833296508789062
684,1,5.843217163085938
685,2,6.525761108398438
686,3,5.84245361328125
687,1,6.08353759765625
688,2,6.838494873046875
689,3,6.004237670898437
690,4,1.9987562561035157
691,1,6.000257568359375
692,2,6.925740356445313
693,3,5.924517822265625
694,1,6.2377471923828125
695,2,7.0142669677734375
696,3,5.846832275390625
697,1,6.166759643554688
698,2,7.116268920898437
699,3,5.89751220703125
700,1,7.114085693359375
701,2,6.0087548828125
702,3,5.929187622070312
703,1,6.1570361328125
704,2,7.079970703125
705,3,5.763700561523438
706,1,6.150198364257813
707,2,6.585599975585938
708,3,5.779628295898437
709,1,6.13875244140625
710,2,6.410552978515625
711,3,5.9856329345703125
712,1,6.608515625
713,2,6.031396484375
714,3,6.119180908203125
715,1,5.995316162109375
716,2,6.569356079101563
717,3,6.181578979492188
718,1,6.550702514648438
719,2,5.683433227539062
720,3,6.199606323242188
721,1,6.043907470703125
722,2,6.86560546875
723,3,5.62520751953125
724,1,6.009981689453125
725,2,6.876658935546875
726,3,5.730582275390625
727,1,6.050487060546875
728,2,6.859854736328125
729,3,5.49604248046875
730,1,6.070269775390625
731,2,6.738175659179688
732,3,5.663992309570313
733,1,5.822607421875
734,2,5.799124145507813
735,3,6.687318115234375
736,1,6.019385986328125
737,2,5.657484741210937
738,3,6.430593872070313
739,1,5.8599853515625
740,2,5.576848754882812
741,3,6.131375732421875
742,1,5.670221557617188
743,2,5.61663330078125
744,3,6.421483764648437
745,1,5.729154052734375
746,2,6.561031494140625
747,3,4.940042114257812
748,1,6.758003540039063
749,2,5.877064208984375
750,3,4.2032864379882815
751,1,5.945557861328125
752,2,6.842903442382813
753,3,4.460507507324219
754,1,6.223624267578125
755,2,6.87155029296875
756,3,4.852395629882812
757,1,6.201572265625
758,2,6.859315795898437
759,3,5.238922119140625
760,1,6.170818481445313
761,2,6.755205688476562
762,3,5.470748291015625
763,1,6.2257666015625
764,2,6.490909423828125
765,3,5.644571533203125
766,1,6.295404663085938
767,2,6.295405883789062
768,3,5.37786865234375
769,1,6.3490753173828125
770,2,6.186707153320312
771,3,5.571263427734375
772,1,6.14215087890625
773,2,6.3138885498046875
774,3,5.715663452148437
775,1,6.005265502929688
776,2,6.409385986328125
777,3,5.7757568359375
778,1,5.79735107421875
779,2,6.463961181640625
780,3,5.945904541015625
781,1,5.986375122070313
782,2,6.5625634765625
783,3,5.713194580078125
784,1,5.980914306640625
785,2,6.580191040039063
786,3,5.223125
787,1,6.118761596679687
788,2,6.691065063476563
789,3,5.070904541015625
790,1,6.74734130859375
791,2,6.042072143554687
792,3,4.978758239746094
793,1,6.731099853515625
794,2,5.963674926757813
795,3,5.168366088867187
796,1,6.836384887695313
797,2,5.273500366210937
798,3,5.92513916015625
799,1,5.301865844726563
800,2,6.84196044921875
801,3,5.978529052734375
802,1,5.659603271484375
803,2,6.804996948242188
804,3,5.97986572265625
805,1,5.9633636474609375
806,2,6.767669067382813
807,3,6.176895751953125
808,1,6.160951538085937
809,2,6.666287841796875
810,3,6.24304443359375
811,1,6.134954223632812
812,2,6.608585205078125
813,3,6.189718017578125
814,1,5.441297607421875
815,2,6.668368530273438
816,3,6.201380615234375
817,1,6.719633178710938
818,2,4.696509704589844
819,3,6.267061157226562
820,1,6.738115234375
821,2,4.92012451171875
822,3,6.21834716796875
823,1,6.816348266601563
824,2,6.253289794921875
825,3,5.201696166992187
826,1,6.80589599609375
827,2,6.158602294921875
828,3,5.5355029296875
829,1,6.736919555664063
830,2,6.117902221679688
831,3,5.61388916015625
832,1,6.62100830078125
833,2,5.510054931640625
834,3,6.155302734375
835,1,4.678834533691406
836,2,6.180178833007813
837,3,6.190347290039062
838,1,4.1686093139648435
839,2,6.114254150390625
840,3,6.31862060546875
841,1,4.019405212402344
842,2,6.187540893554687
843,3,6.504595336914062
844,1,4.588222045898437
845,2,6.335274047851563
846,3,6.486879272460937
847,1,5.402811279296875
848,2,6.44819580078125
849,3,6.618951416015625
850,1,5.533230590820312
851,2,6.552808837890625
852,3,6.5782843017578125
853,1,6.59569091796875
854,2,5.690949096679687
855,3,6.625752563476563
856,1,6.5241259765625
857,2,5.912896728515625
858,3,6.597330932617187
859,1,6.673994750976562
860,2,5.974263916015625
861,3,6.5479583740234375
862,1,6.666168823242187
863,2,5.9914404296875
864,3,6.430166015625
865,1,6.69011962890625
866,2,6.030641479492187
867,3,6.3782177734375
868,1,6.6777099609375
869,2,6.29086669921875
870,3,6.3856353759765625
871,1,6.657570190429688
872,2,6.027117309570312
873,3,6.235284423828125
874,1,6.560067138671875
875,2,6.018820190429688
876,3,6.174509887695312
877,1,5.976275634765625
878,2,6.562408447265625
879,3,6.0707568359375
880,1,6.516845703125
881,2,5.765725708007812
882,3,6.213221435546875
883,1,5.6175341796875
884,2,6.484489135742187
885,3,6.342396850585938
886,1,5.715675048828125
887,2,6.5105078125
888,3,6.427518920898438
889,1,6.555319213867188
890,2,5.858035278320313
891,3,6.549566650390625
892,1,6.583865966796875
893,2,5.75998779296875
894,3,6.544574584960937
895,1,6.258662109375
896,2,6.625074462890625
897,3,6.543856201171875
898,1,6.676333618164063
899,2,6.204252319335938
900,3,6.445479125976562
901,1,6.654180908203125
902,2,5.7843865966796875
903,3,6.435111083984375
904,1,6.739929809570312
905,2,5.989041748046875
906,3,6.420165405273438
907,1,6.653613891601562
908,2,5.94263427734375
909,3,6.3702325439453125
910,1,6.672877197265625
911,2,5.613068237304687
912,3,6.339899291992188
913,1,4.615097351074219
914,2,6.343724365234375
915,3,6.325692749023437
916,1,3.9715701293945314
917,2,6.214862060546875
918,3,6.361793212890625
919,1,6.3964300537109375
920,2,4.356258850097657
921,3,6.345493774414063
922,1,6.634290161132813
923,2,4.539829406738281
924,3,6.28927001953125
925,1,5.032304077148438
926,2,6.74153564453125
927,3,6.3154534912109375
928,1,6.64157958984375
929,2,4.842161865234375
930,3,6.356079711914062
931,1,4.6284048461914065
932,2,6.7494964599609375
933,3,6.4291552734375
934,1,5.089042358398437
935,2,6.8150396728515625
936,3,6.210258178710937
937,1,5.45410888671875
938,2,6.650319213867188
939,3,6.078081665039062
940,1,5.662483520507813
941,2,6.600562744140625
942,3,6.076581420898438
943,1,5.580729370117187
944,2,6.589639892578125
945,3,6.115370483398437
946,1,5.247086181640625
947,2,6.725401000976563
948,3,6.3307861328125
949,1,4.737911987304687
950,2,6.691066284179687
951,3,6.4205712890625
952,1,6.662080078125
953,2,4.649561157226563
954,3,6.4426220703125
955,1,5.000706481933594
956,2,6.450407104492188
957,3,6.684736328125
958,1,5.23296875
959,2,6.749429321289062
960,3,6.357020263671875
961,1,6.7738800048828125
962,2,5.39802490234375
963,3,6.247696533203125
964,1,6.706696166992187
965,2,6.199537353515625
966,3,5.712816772460937
967,1,6.159539794921875
968,2,6.59510986328125
969,3,5.907117919921875
970,1,6.163258056640625
971,2,6.505910034179688
972,3,6.007466430664063
973,1,6.212130737304688
974,2,6.574961547851562
975,3,5.97744140625
976,1,6.1874755859375
977,2,6.700093994140625
978,3,6.12151123046875
979,1,6.256643676757813
980,2,6.7743682861328125
981,3,5.784683837890625
982,1,6.365004272460937
983,2,6.807842407226563
984,3,6.365579833984375
985,1,6.4250244140625
986,2,6.83152099609375
987,3,6.454668579101562
988,1,6.271395874023438
989,2,6.786298828125
990,3,6.440703125
991,1,6.300414428710938
992,2,6.701298828125
993,3,6.478147583007813
994,1,6.254179077148438
995,2,6.649800415039063
996,3,5.831022338867188
997,1,6.031942749023438
998,2,6.63676513671875
999,3,5.8716583251953125
1000,1,5.959256591796875
1001,2,6.636566772460937
1002,3,6.27709716796875
1003,1,5.928223266601562
1004,2,6.6512548828125
1005,3,6.486401977539063
1006,1,5.903425903320312
1007,2,6.6087713623046875
1008,3,6.624860229492188
1009,1,6.018271484375
1010,2,6.552686767578125
1011,3,6.5995556640625
1012,1,5.974234008789063
1013,2,6.484846801757812
1014,3,6.54343017578125
1015,1,6.37584716796875
1016,2,6.155586547851563
1017,3,6.33145751953125
1018,1,6.341084594726563
1019,2,6.215718994140625
1020,3,6.253826904296875
1021,1,6.4134228515625
1022,2,6.206980590820312
1023,3,6.260153198242188
1024,1,6.481196899414062
1025,2,6.331773071289063
1026,3,6.393302612304687
1027,1,6.400864868164063
1028,2,6.543944702148438
1029,3,6.1660394287109375
1030,1,6.583082275390625
1031,2,6.402177734375
1032,3,6.164412231445312
1033,1,6.638870849609375
1034,2,6.0130157470703125
1035,3,5.368851928710938
1036,1,6.557274169921875
1037,2,6.452940063476563
1038,3,5.045729064941407
1039,1,6.650120849609375
1040,2,6.1744140625
1041,3,5.347448120117187
1042,1,6.484064331054688
1043,2,6.25188720703125
1044,3,5.269834594726563
1045,1,6.492200927734375
1046,2,6.258816528320312
1047,3,5.318731689453125
1048,1,6.534484252929688
1049,2,6.204501953125
1050,3,5.337267456054687
1051,1,6.591519165039062
1052,2,6.21783935546875
1053,3,5.34995849609375
1054,1,6.627027587890625
1055,2,6.024671020507813
1056,3,5.20444091796875
1057,1,6.595864868164062
1058,2,6.240234375
1059,3,5.357246704101563
1060,1,6.54707763671875
1061,2,6.380492553710938
1062,3,5.37255126953125
1063,1,6.4671044921875
1064,2,6.365967407226562
1065,3,5.553790893554687
1066,1,6.481154174804687
1067,2,6.396487426757813
1068,3,5.751647338867188
1069,1,6.484757080078125
1070,2,6.35896728515625
1071,3,6.026181030273437
1072,1,6.481974487304687
1073,2,6.300284423828125
1074,3,6.1286773681640625
1075,1,6.499937133789063
1076,2,6.25164306640625
1077,3,6.17119140625
1078,1,6.552621459960937
1079,2,5.864943237304687
1080,3,6.323399658203125
1081,1,6.5415496826171875
1082,2,6.12874267578125
1083,3,6.35196044921875
1084,1,6.506536865234375
1085,2,6.237713623046875
1086,3,6.410095825195312
1087,1,6.479164428710938
1088,2,6.195728759765625
1089,3,6.364347534179688
1090,1,6.402418823242187
1091,2,6.262850341796875
1092,3,6.2552197265625
1093,1,6.407404174804688
1094,2,6.111153564453125
1095,3,6.076170043945313
1096,1,6.405187377929687
1097,2,5.993740844726562
1098,3,6.091641235351562
1099,1,6.452715454101562
1100,2,5.9000634765625
1101,3,6.173564453125
1102,1,6.513362426757812
1103,2,5.839817504882813
1104,3,6.075043334960937
1105,1,6.607470092773437
1106,2,5.801240844726562
1107,3,5.924944458007812
1108,1,6.666760864257813
1109,2,5.89801025390625
1110,3,5.9541943359375
1111,1,6.734022827148437
1112,2,5.84782958984375
1113,3,6.0049505615234375
1114,1,6.031189575195312
1115,2,6.7361328125
1116,3,6.1471484375
1117,1,6.118876953125
1118,2,6.715423583984375
1119,3,6.123348999023437
1120,1,6.021328735351562
1121,2,6.6853564453125
1122,3,6.085071411132812
1123,1,6.055848388671875
1124,2,6.63830078125
1125,3,6.014453125
1126,1,5.95607177734375
1127,2,6.57350341796875
1128,3,5.996063232421875
1129,1,5.835880126953125
1130,2,6.484036865234375
1131,3,5.970078125
1132,1,5.730921020507813
1133,2,6.50033935546875
1134,3,6.007711181640625
1135,1,5.63840576171875
1136,2,6.496229858398437
1137,3,6.068953247070312
1138,1,5.548889770507812
1139,2,6.614672241210937
1140,3,6.064785766601562
1141,1,5.448701782226562
1142,2,6.570934448242188
1143,3,6.11410400390625
1144,1,5.411939086914063
1145,2,6.175216064453125
1146,3,6.317090454101563
1147,1,5.48194091796875
1148,2,6.184844970703125
1149,3,6.2614501953125
1150,1,5.626099853515625
1151,2,6.188204345703125
1152,3,6.310068969726562
1153,1,5.450834350585938
1154,2,6.122183837890625
1155,3,6.3953399658203125
1156,1,5.1862115478515625
1157,2,6.064609985351563
1158,3,6.470731201171875
1159,1,5.012387390136719
1160,2,6.067760009765625
1161,3,6.538299560546875
1162,1,5.05205810546875
1163,2,5.967112426757812
1164,3,6.536603393554688
1165,1,4.941495971679688
1166,2,5.993008422851562
1167,3,6.51300048828125
1168,1,4.995627746582032
1169,2,6.08085205078125
1170,3,6.370579223632813
1171,1,4.873235778808594
1172,2,6.1126025390625
1173,3,6.5470458984375
1174,1,4.958019104003906
1175,2,6.391008911132812
1176,3,6.55865234375
1177,1,5.017525634765625
1178,2,5.99339111328125
1179,3,6.540194702148438
1180,1,4.886855773925781
1181,2,5.95633056640625
1182,3,6.476900634765625
1183,1,4.944660034179687
1184,2,6.033455200195313
1185,3,6.481409912109375
1186,1,4.9485986328125
1187,2,6.038353271484375
1188,3,6.495355834960938
1189,1,5.0374462890625
1190,2,5.94100341796875
1191,3,6.524952392578125
1192,1,4.945393981933594
1193,2,5.932210083007813
1194,3,6.524107055664063
1195,1,4.96236083984375
1196,2,5.948986206054688
1197,3,6.502217407226563
1198,1,4.904942321777344
1199,2,5.960979614257813
1200,3,6.5220184326171875
1201,1,4.868926391601563
1202,2,5.910062866210938
1203,3,6.36288330078125
1204,1,4.814365234375
1205,2,5.894345703125
1206,3,6.357122802734375
1207,1,4.7293179321289065
1208,2,5.876254272460938
1209,3,6.2398193359375
1210,1,4.7310247802734375
1211,2,5.9919775390625
1212,3,6.212050170898437
1213,1,4.791496276855469
1214,2,5.847842407226563
1215,3,6.256487426757812
1216,1,4.8932275390625
1217,2,5.839329833984375
1218,3,6.354918823242188
1219,1,4.772474365234375
1220,2,5.876688842773437
1221,3,6.384812622070313
1222,1,4.595595703125
1223,2,5.902562866210937
1224,3,6.370134887695312
1225,1,4.662705993652343
1226,2,5.931349487304687
1227,3,6.398082275390625
1228,1,4.628028869628906
1229,2,5.97881591796875
1230,3,6.352672729492188
1231,1,4.734957580566406
1232,2,5.96942626953125
1233,3,6.383883056640625
1234,1,4.991214599609375
1235,2,5.937151489257812
1236,3,6.420801391601563
1237,1,4.923561706542968
1238,2,5.92235107421875
1239,3,6.474967041015625
1240,1,4.905218811035156
1241,2,5.951370849609375
1242,3,6.550808715820312
1243,1,4.902822875976563
1244,2,5.934974365234375
1245,3,6.595890502929688
1246,1,4.904561767578125
1247,2,5.9539337158203125
1248,3,6.617489013671875
1249,1,4.82144287109375
1250,2,5.90791748046875
1251,3,6.575112915039062
1252,1,4.809557800292969
1253,2,5.840452880859375
1254,3,6.569995727539062
1255,1,4.7498477172851565
1256,2,5.824224853515625
1257,3,6.5494384765625
1258,1,4.986410217285156
1259,2,5.8462982177734375
1260,3,6.527244262695312
1261,1,4.972499694824219
1262,2,5.827940063476563
1263,3,6.48205810546875
1264,1,4.870172119140625
1265,2,5.826172485351562
1266,3,6.51197021484375
1267,1,4.942725524902344
1268,2,5.835560302734375
1269,3,6.511246948242188
1270,1,5.092047424316406
1271,2,5.833836059570313
1272,3,6.51980224609375
1273,1,5.189894409179687
1274,2,5.822181396484375
1275,3,6.4948095703125
1276,1,5.266253051757812
1277,2,5.856119995117187
1278,3,6.497122192382813
1279,1,5.461282348632812
1280,2,5.902584838867187
1281,3,6.51103515625
1282,1,5.582041015625
1283,2,5.856290283203125
1284,3,6.54058349609375
1285,1,5.691215209960937
1286,2,5.808369140625
1287,3,6.570418090820312
1288,1,5.89476806640625
1289,2,5.769862670898437
1290,3,6.618529663085938
1291,1,5.857977294921875
1292,2,5.741636962890625
1293,3,6.746744384765625
1294,1,5.72693603515625
1295,2,5.766981201171875
1296,3,6.78014404296875
1297,1,5.776846313476563
1298,2,5.735569458007813
1299,3,6.786494140625
1300,1,5.90359130859375
1301,2,6.757076416015625
1302,3,5.61072509765625
1303,1,5.884627685546875
1304,2,5.9488037109375
1305,3,6.703912353515625
1306,1,6.148457641601563
1307,2,5.992159423828125
1308,3,6.702371826171875
1309,1,6.276470947265625
1310,2,6.004363403320313
1311,3,6.70058837890625
1312,1,6.34377197265625
1313,2,6.709658813476563
1314,3,6.079270629882813
1315,1,6.283191528320312
1316,2,6.711600341796875
1317,3,6.16320068359375
1318,1,6.19077880859375
1319,2,6.718466186523438
1320,3,6.219175415039063
1321,1,6.211837158203125
1322,2,6.063602905273438
1323,3,6.760678100585937
1324,1,6.18374267578125
1325,2,6.011152954101562
1326,3,6.734639282226563
1327,1,6.155081176757813
1328,2,5.828883056640625
1329,3,6.751672973632813
1330,1,6.014115600585938
1331,2,6.121448364257812
1332,3,6.217891235351562
1333,1,5.988583374023437
1334,2,6.0068292236328125
1335,3,6.094530639648437
1336,1,6.076244506835938
1337,2,5.96868896484375
1338,3,5.97958740234375
1339,1,6.115224609375
1340,2,5.85876953125
1341,3,6.659290161132812
1342,1,6.246109619140625
1343,2,5.938740844726563
1344,3,6.650591430664062
1345,1,6.419150390625
1346,2,5.838758544921875
1347,3,6.61645263671875
1348,1,6.431414794921875
1349,2,5.765895385742187
1350,3,6.55662353515625
1351,1,6.448961791992187
1352,2,5.804612426757813
1353,3,6.474580688476562
1354,1,6.398814086914062
1355,2,5.839907836914063
1356,3,6.459225463867187
1357,1,6.424224853515625
1358,2,6.470868530273438
1359,3,5.88310546875
1360,1,6.4300299072265625
1361,2,5.95209716796875
1362,3,6.489365844726563
1363,1,6.420467529296875
1364,2,5.8314581298828125
1365,3,6.45668701171875
1366,1,6.48748046875
1367,2,5.898505859375
1368,3,6.490361938476562
1369,1,6.5480584716796875
1370,2,5.931170043945312
1371,3,6.504066772460938
1372,1,6.53278564453125
1373,2,5.969183349609375
1374,3,6.5167083740234375
1375,1,6.4541748046875
1376,2,5.878527221679687
1377,3,6.475532836914063
1378,1,6.42752197265625
1379,2,5.713936157226563
1380,3,6.472520751953125
1381,1,6.439853515625
1382,2,5.561292724609375
1383,3,6.455111694335938
1384,1,6.419561157226562
1385,2,5.560127563476563
1386,3,6.415987548828125
1387,1,6.48753662109375
1388,2,5.563433837890625
1389,3,6.474368286132813
1390,1,6.457730102539062
1391,2,5.698746337890625
1392,3,6.514934692382813
1393,1,6.4264892578125
1394,2,5.798311157226562
1395,3,6.585397338867187
1396,1,6.406944580078125
1397,2,5.5901904296875
1398,3,6.616688232421875
1399,1,6.3603857421875
1400,2,6.655625610351563
1401,3,5.554832153320312
1402,1,6.50533447265625
1403,2,5.4265087890625
1404,3,6.63907958984375
1405,1,6.475145874023437
1406,2,5.190244750976563
1407,3,6.552366333007813
1408,1,6.447970581054688
1409,2,6.520967407226562
1410,3,5.284037475585937
1411,1,6.38268798828125
1412,2,6.178919067382813
1413,3,5.346356811523438
1414,1,6.358961791992187
1415,2,6.194810180664063
1416,3,5.5459527587890625
1417,1,6.517293090820313
1418,2,6.125776977539062
1419,3,5.62079345703125
1420,1,6.54503662109375
1421,2,5.225479736328125
1422,3,6.148222045898438
1423,1,6.504718017578125
1424,2,4.8905224609375
1425,3,6.614595336914062
1426,1,6.4272900390625
1427,2,4.7455810546875
1428,3,6.67485595703125
1429,1,6.478330078125
1430,2,4.882416687011719
1431,3,6.6488232421875
1432,1,6.477612915039063
1433,2,5.004303588867187
1434,3,6.653223876953125
1435,1,6.476082153320313
1436,2,5.371015625
1437,3,6.830269775390625
1438,1,6.249951782226563
1439,2,5.553922729492188
1440,3,6.886302490234375
1441,1,6.163511352539063
1442,2,5.427870483398437
1443,3,7.001036987304688
1444,1,3.882130432128906
1445,2,6.498116455078125
1446,3,7.026432495117188
1447,1,6.577931518554688
1448,2,3.2476296997070313
1449,3,6.99114013671875
1450,1,6.65272705078125
1451,2,3.9538006591796875
1452,3,6.969026489257812
1453,1,6.706443481445312
1454,2,4.6192474365234375
1455,3,6.9906298828125
1456,1,6.56966796875
1457,2,4.9845364379882815
1458,3,6.47116943359375
1459,1,6.3759912109375
1460,2,5.318902587890625
1461,3,6.463713989257813
1462,1,6.322002563476563
1463,2,5.57851318359375
1464,3,6.45882080078125
1465,1,5.558906860351563
1466,2,6.677735595703125
1467,3,6.579435424804688
1468,1,5.5165252685546875
1469,2,6.569934692382812
1470,3,6.69115478515625
1471,1,5.697459716796875
1472,2,6.509046020507813
1473,3,6.666072998046875
1474,1,5.735353393554687
1475,2,6.418364868164063
1476,3,6.549791870117187
1477,1,5.47691650390625
1478,2,6.288341674804688
1479,3,6.504735717773437
1480,1,5.120480346679687
1481,2,6.283001708984375
1482,3,6.442921142578125
1483,1,5.185579833984375
1484,2,6.269458618164062
1485,3,6.4401513671875
1486,1,5.216239624023437
1487,2,6.462064819335938
1488,3,6.532584228515625
1489,1,6.701301879882813
1490,2,5.0279367065429685
1491,3,6.6126556396484375
1492,1,6.752577514648437
1493,2,6.642967529296875
1494,3,2.9838333129882812
1495,1,6.653328247070313
1496,2,4.227301940917969
1497,3,6.647591552734375
1498,1,5.382050170898437
1499,2,6.530819091796875
1500,3,7.245125732421875
1501,1,5.579188842773437
1502,2,6.630032348632812
1503,3,7.241181640625
1504,1,5.391669921875
1505,2,6.6345458984375
1506,3,7.219189453125
1507,1,5.644413452148438
1508,2,6.511068725585938
1509,3,7.2296990966796875
1510,1,6.042865600585937
1511,2,6.47771484375
1512,3,5.71340576171875
1513,1,6.107158203125
1514,2,6.465157470703125
1515,3,5.080674133300781
1516,1,6.2955389404296875
1517,2,6.49931884765625
1518,3,5.343209838867187
1519,1,6.458880004882812
1520,2,6.5087646484375
1521,3,5.942318115234375
1522,1,6.210999145507812
1523,2,6.573736572265625
1524,3,6.0349267578125
1525,1,6.3594189453125
1526,2,6.630632934570312
1527,3,5.639896240234375
1528,1,6.34294921875
1529,2,6.550213012695313
1530,3,5.541212768554687
1531,1,6.414835205078125
1532,2,6.814607543945312
1533,3,5.818192749023438
1534,1,6.438182983398438
1535,2,6.751028442382813
1536,3,6.004232788085938
1537,1,6.022042236328125
1538,2,6.370618896484375
1539,3,6.481990966796875
1540,1,6.986542358398437
1541,2,6.444667358398437
1542,3,5.584317626953125
1543,1,6.371830444335938
1544,2,6.553516235351562
1545,3,5.231761474609375
1546,1,6.391141357421875
1547,2,6.881077270507813
1548,3,5.082271118164062
1549,1,4.665292358398437
1550,2,6.883839721679688
1551,3,6.412459716796875
1552,1,6.768351440429687
1553,2,4.991761779785156
1554,3,6.388616943359375
1555,1,6.615413208007812
1556,2,5.265642700195312
1557,3,6.484714965820313
1558,1,5.43780029296875
1559,2,6.737188110351562
1560,3,6.710325927734375
1561,1,6.575238647460938
1562,2,5.635682373046875
1563,3,6.580548706054688
1564,1,5.992000122070312
1565,2,6.358285522460937
1566,3,6.49046875
1567,1,6.018434448242187
1568,2,6.41510009765625
1569,3,6.161355590820312
1570,1,5.94622314453125
1571,2,6.268953247070312
1572,3,6.164369506835937
1573,1,5.884505615234375
1574,2,6.264011840820313
1575,3,5.931449584960937
1576,1,6.0838250732421875
1577,2,6.360426635742187
1578,3,6.152449951171875
1579,1,6.260482177734375
1580,2,6.236141357421875
1581,3,6.199674682617188
1582,1,6.242559204101562
1583,2,6.337149047851563
1584,3,6.19718505859375
1585,1,6.224094848632813
1586,2,6.137552490234375
1587,3,6.146675415039063
1588,1,5.644580688476562
1589,2,5.7307568359375
1590,3,6.141818237304688
1591,1,5.882891235351562
1592,2,5.854386596679688
1593,3,6.068359375
1594,1,5.930345458984375
1595,2,5.984996948242188
1596,3,5.979526977539063
1597,1,5.963488159179687
1598,2,5.998932495117187
1599,3,6.010376586914062
1600,1,6.159668579101562
1601,2,6.057098388671875
1602,3,6.353031616210938
1603,1,6.075389404296875
1604,2,6.123695678710938
1605,3,6.3901605224609375
1606,1,5.850205688476563
1607,2,6.4370355224609375
1608,3,6.158719482421875
1609,1,5.599898071289062
1610,2,6.497125854492188
1611,3,6.148761596679687
1612,1,5.19180419921875
1613,2,6.5342645263671875
1614,3,6.081506958007813
1615,1,4.832877197265625
1616,2,6.599783325195313
1617,3,6.088615112304687
1618,1,6.70377685546875
1619,2,4.840892028808594
1620,3,5.901143188476563
1621,1,6.747710571289063
1622,2,5.2445166015625
1623,3,6.137528076171875
1624,1,6.856079711914062
1625,2,4.989255676269531
1626,3,6.036926879882812
1627,1,6.780262451171875
1628,2,5.128788452148438
1629,3,6.114783935546875
1630,1,6.812633056640625
1631,2,5.24661376953125
1632,3,5.919181518554687
1633,1,6.94804443359375
1634,2,5.465052490234375
1635,3,6.149354858398437
1636,1,6.921644897460937
1637,2,5.486427001953125
1638,3,6.146331787109375
1639,1,6.933245849609375
1640,2,6.012805786132812
1641,3,6.053226318359375
1642,1,6.586004638671875
1643,2,5.579791259765625
1644,3,6.002747192382812
1645,1,6.780787353515625
1646,2,5.611571655273438
1647,3,6.086962890625
1648,1,6.838818969726563
1649,2,5.97349853515625
1650,3,5.786049194335938
1651,1,6.88619873046875
1652,2,5.585366821289062
1653,3,5.814872436523437
1654,1,6.96446533203125
1655,2,5.444364624023438
1656,3,5.813790893554687
1657,1,7.028659057617188
1658,2,5.502131958007812
1659,3,5.218739013671875
1660,1,7.022465209960938
1661,2,5.62429443359375
1662,3,5.340342407226562
1663,1,7.0371875
1664,2,5.768140258789063
1665,3,5.162904663085937
1666,1,7.064669799804688
1667,2,5.766959838867187
1668,3,5.494453125
1669,1,6.512764892578125
1670,2,5.914337158203125
1671,3,5.70954833984375
1672,1,6.4980126953125
1673,2,5.792960815429687
1674,3,5.812005615234375
1675,1,6.44878173828125
1676,2,5.41987548828125
1677,3,5.63844970703125
1678,1,6.411185913085937
1679,2,5.500748901367188
1680,3,5.535408325195313
1681,1,6.8137060546875
1682,2,5.42954345703125
1683,3,5.567943115234375
1684,1,7.189337158203125
1685,2,5.422617797851562
1686,3,5.601643676757813
1687,1,7.163944702148438
1688,2,5.3672021484375
1689,3,5.590205078125
1690,1,7.226948852539063
1691,2,5.238515014648438
1692,3,5.669027709960938
1693,1,7.255670776367188
1694,2,5.192645874023437
1695,3,5.710835571289063
1696,1,7.27120361328125
1697,2,5.1975860595703125
1698,3,5.697153930664062
1699,1,7.012136840820313
1700,2,5.172880859375
1701,3,5.792342529296875
1702,1,6.986018676757812
1703,2,5.2145843505859375
1704,3,5.879505615234375
1705,1,6.957681884765625
1706,2,6.061351928710938
1707,3,5.146238403320313
1708,1,7.052686767578125
1709,2,5.185291748046875
1710,3,6.3562689208984375
1711,1,7.097548217773437
1712,2,6.113634033203125
1713,3,5.139024658203125
1714,1,7.11265625
1715,2,5.818179321289063
1716,3,5.503779296875
1717,1,7.1151495361328125
1718,2,5.69029052734375
1719,3,5.916019287109375
1720,1,7.047473754882812
1721,2,5.712175903320312
1722,3,5.516979370117188
1723,1,7.162785034179688
1724,2,5.88345458984375
1725,3,5.945713500976563
1726,1,6.5144805908203125
1727,2,6.161832885742188
1728,3,5.944609375
1729,1,6.332652587890625
1730,2,6.21040283203125
1731,3,5.93846435546875
1732,1,6.252501831054688
1733,2,6.012210083007813
1734,3,5.982855224609375
1735,1,6.920088500976562
1736,2,5.571968383789063
1737,3,5.557493896484375
1738,1,6.634774780273437
1739,2,5.456970825195312
1740,3,6.203468627929688
1741,1,6.609811401367187
1742,2,5.776741333007813
1743,3,6.278201904296875
1744,1,6.495342407226563
1745,2,6.1189599609375
1746,3,6.385675048828125
1747,1,6.444750366210937
1748,2,5.993844604492187
1749,3,6.609846801757812
1750,1,6.2311572265625
1751,2,5.69357177734375
1752,3,6.676570434570312
1753,1,6.27283447265625
1754,2,5.7373681640625
1755,3,6.614576416015625
1756,1,6.3662652587890625
1757,2,5.642031860351563
1758,3,6.80158203125
1759,1,5.7756719970703125
1760,2,6.959743041992187
1761,3,5.713621215820313
1762,1,6.54987548828125
1763,2,6.062883911132812
1764,3,6.965308837890625
1765,1,6.477907104492187
1766,2,6.14421630859375
1767,3,7.020222778320313
1768,1,6.430379028320313
1769,2,6.089192504882813
1770,3,6.9955517578125
1771,1,6.027859497070312
1772,2,6.889276123046875
1773,3,5.677955322265625
1774,1,5.483584594726563
1775,2,5.217276611328125
1776,3,6.575311889648438
1777,1,5.64813232421875
1778,2,5.173458862304687
1779,3,6.433767700195313
1780,1,5.76217041015625
1781,2,4.790089721679688
1782,3,6.2843475341796875
1783,1,5.79318115234375
1784,2,4.828091735839844
1785,3,6.340772094726563
1786,1,5.7999420166015625
1787,2,4.867290344238281
1788,3,5.942249145507812
1789,1,6.0106744384765625
1790,2,5.043070373535156
1791,3,6.241282958984375
1792,1,5.687655639648438
1793,2,5.1696099853515625
1794,3,5.9445562744140625
1795,1,4.544877014160156
1796,2,6.173007202148438
1797,3,6.135792236328125
1798,1,4.096138000488281
1799,2,6.086491088867188
1800,3,6.0492010498046875
1801,1,3.3892596435546873
1802,2,6.148225708007812
1803,3,6.217786254882813
1804,1,3.383414001464844
1805,2,6.050287475585938
1806,3,6.342789306640625
1807,1,6.099649047851562
1808,2,4.0454537963867185
1809,3,6.2761376953125
1810,1,4.778799438476563
1811,2,6.306948852539063
1812,3,5.84197265625
1813,1,5.22730712890625
1814,2,6.232146606445313
1815,3,5.99123291015625
1816,1,5.431929321289062
1817,2,6.28344482421875
1818,3,5.991762084960937
1819,1,5.291668090820313
1820,2,6.212236938476562
1821,3,6.042859497070313
1822,1,4.443818969726562
1823,2,5.593954467773438
1824,3,5.987804565429688
1825,1,5.803636474609375
1826,2,3.7320266723632813
1827,3,6.035201416015625
1828,1,3.687377624511719
1829,2,5.93347900390625
1830,3,6.216580810546875
1831,1,4.19889892578125
1832,2,5.8709783935546875
1833,3,6.142940673828125
1834,1,5.791097412109375
1835,2,4.574152221679688
1836,3,6.206925659179688
1837,1,5.8085479736328125
1838,2,5.01466064453125
1839,3,6.072031860351562
1840,1,5.81717041015625
1841,2,5.212382202148437
1842,3,6.1320123291015625
1843,1,4.543057861328125
1844,2,5.765331420898438
1845,3,6.15400146484375
1846,1,3.8747994995117185
1847,2,5.537586059570312
1848,3,6.3722705078125
1849,1,3.882509765625
1850,2,5.418910522460937
1851,3,6.26565673828125
1852,1,5.5161810302734375
1853,2,4.153507690429688
1854,3,6.121956787109375
1855,1,5.558428344726562
1856,2,4.308873291015625
1857,3,6.544136962890625
1858,1,5.626920776367188
1859,2,4.684538269042969
1860,3,6.544716186523438
1861,1,4.982196960449219
1862,2,5.726132202148437
1863,3,6.354824829101562
1864,1,5.10870361328125
1865,2,5.921736450195312
1866,3,6.443034057617187
1867,1,5.82377197265625
1868,2,4.735461120605469
1869,3,6.452605590820313
1870,1,5.5974072265625
1871,2,4.904872131347656
1872,3,6.473932495117188
1873,1,5.66064208984375
1874,2,5.294515991210938
1875,3,6.5093310546875
1876,1,5.737672729492187
1877,2,5.496612548828125
1878,3,6.62563720703125
1879,1,5.948829345703125
1880,2,5.801414184570312
1881,3,6.669337768554687
1882,1,6.336228637695313
1883,2,5.83496337890625
1884,3,6.716961669921875
1885,1,5.653128051757813
1886,2,6.592515258789063
1887,3,6.77226318359375
1888,1,6.741239013671875
1889,2,5.337490844726562
1890,3,6.86536376953125
1891,1,6.987412109375
1892,2,5.5294189453125
1893,3,6.828011474609375
1894,1,5.88095703125
1895,2,6.957967529296875
1896,3,7.172684326171875
1897,1,7.04933349609375
1898,2,5.767600708007812
1899,3,7.265354614257813
1900,1,7.165221557617188
1901,2,5.594389038085938
1902,3,6.530638427734375
1903,1,7.275089721679688
1904,2,5.877152099609375
1905,3,6.812537841796875
1906,1,5.660503540039063
1907,2,7.166559448242188
1908,3,6.73165771484375
1909,1,5.353699340820312
1910,2,7.153505249023437
1911,3,6.5743212890625
1912,1,5.743355712890625
1913,2,7.18159423828125
1914,3,6.262452392578125
1915,1,5.893714599609375
1916,2,7.18058837890625
1917,3,6.614629516601562
1918,1,7.2464501953125
1919,2,5.758828125
1920,3,6.613590087890625
1921,1,7.378125
1922,2,5.321610107421875
1923,3,6.614794921875
1924,1,7.449864501953125
1925,2,5.218208618164063
1926,3,6.6190380859375
1927,1,7.540424194335937
1928,2,5.086630249023438
1929,3,6.310833740234375
1930,1,7.544514770507813
1931,2,5.678779296875
1932,3,6.283475341796875
1933,1,7.564069213867188
1934,2,5.507501831054688
1935,3,6.30569091796875
1936,1,7.55258544921875
1937,2,5.271095581054688
1938,3,6.3656005859375
1939,1,7.588468017578125
1940,2,4.928243103027344
1941,3,6.64914306640625
1942,1,7.620972290039062
1943,2,4.799189147949218
1944,3,5.876356201171875
1945,1,7.645135498046875
1946,2,4.678835754394531
1947,3,6.00233154296875
1948,1,7.687847290039063
1949,2,5.098233337402344
1950,3,6.321341552734375
1951,1,7.817012939453125
1952,2,5.12640625
1953,3,5.315745849609375
1954,1,8.02585693359375
1955,2,5.221629638671875
1956,3,6.352863159179687
1957,1,7.8063037109375
1958,2,5.056140747070312
1959,3,6.435975341796875
1960,1,7.769389038085937
1961,2,5.077228088378906
1962,3,6.5342578125
1963,1,7.792385864257812
1964,2,4.941519775390625
1965,3,5.8390234375
1966,1,7.692487182617188
1967,2,4.891351928710938
1968,3,6.507058715820312
1969,1,7.614277954101563
1970,2,4.765127258300781
1971,3,6.444827270507813
1972,1,7.6689605712890625
1973,2,4.814190979003906
1974,3,6.37849365234375
1975,1,7.665501708984375
1976,2,5.278157348632813
1977,3,6.349595336914063
1978,1,7.8368115234375
1979,2,5.337205810546875
1980,3,6.273312377929687
1981,1,7.587708129882812
1982,2,5.6961376953125
1983,3,6.055263671875
1984,1,7.69366943359375
1985,2,5.64166259765625
1986,3,6.126918334960937
1987,1,5.452252197265625
1988,2,7.694864501953125
1989,3,6.118785400390625
1990,1,5.396043701171875
1991,2,7.796455688476563
1992,3,6.004161987304688
1993,1,7.687277221679688
1994,2,5.494645385742188
1995,3,6.011405029296875
1996,1,7.605796508789062
1997,2,5.512830200195313
1998,3,6.0555126953125
1999,1,7.699190673828125
2000,2,5.680943603515625
2001,3,6.0481884765625
2002,1,7.773131713867188
2003,2,5.771885375976563
2004,3,6.267550048828125
2005,1,5.592840576171875
2006,2,7.8820703125
2007,3,6.040803833007812
2008,1,5.140377807617187
2009,2,7.857416381835938
2010,3,6.1957159423828125
2011,1,7.95632080078125
2012,2,5.0653753662109375
2013,3,6.228515625
2014,1,7.931412353515625
2015,2,4.789174499511719
2016,3,6.221275024414062
2017,1,7.987162475585937
2018,2,4.8000555419921875
2019,3,6.25496826171875
2020,1,5.055882263183594
2021,2,7.978643188476562
2022,3,6.220203247070312
2023,1,7.962643432617187
2024,2,4.895997619628906
2025,3,6.197244262695312
2026,1,7.778519287109375
2027,2,5.103645629882813
2028,3,6.119448852539063
2029,1,7.859588623046875
2030,2,5.359190673828125
2031,3,6.163820190429687
2032,1,7.7617724609375
2033,2,5.648063354492187
2034,3,6.224381103515625
2035,1,7.6072760009765625
2036,2,5.621769409179688
2037,3,6.350419311523438
2038,1,7.724249267578125
2039,2,5.75072998046875
2040,3,6.207371215820313
2041,1,7.749364013671875
2042,2,5.702057495117187
2043,3,6.241830444335937
2044,1,7.693843994140625
2045,2,5.592617797851562
2046,3,6.435720825195313
2047,1,7.763580322265625
2048,2,5.466333618164063
2049,3,6.44436767578125
2050,1,7.727214965820313
2051,2,5.6596612548828125
2052,3,6.384627685546875
2053,1,7.685423583984375
2054,2,5.666790161132813
2055,3,6.426090698242188
2056,1,7.64871826171875
2057,2,5.676431274414062
2058,3,6.393276977539062
2059,1,7.692081298828125
2060,2,5.760283813476563
2061,3,6.389735107421875
2062,1,7.667847900390625
2063,2,5.822864379882812
2064,3,6.362322998046875
2065,1,5.73562255859375
2066,2,7.645177001953125
2067,3,6.574974365234375
2068,1,5.735859985351563
2069,2,7.599166259765625
2070,3,6.612337646484375
2071,1,5.8113427734375
2072,2,7.641257934570312
2073,3,6.52823486328125
2074,1,5.822435302734375
2075,2,7.641845092773438
2076,3,6.497377319335937
2077,1,5.733076782226562
2078,2,7.506304321289062
2079,3,6.34437255859375
2080,1,5.672747192382812
2081,2,7.852369384765625
2082,3,6.339297485351563
2083,1,5.692296752929687
2084,2,7.536093139648438
2085,3,6.3328955078125
2086,1,5.7243994140625
2087,2,7.592473754882812
2088,3,6.322562255859375
2089,1,5.776611938476562
2090,2,7.754993896484375
2091,3,6.32148193359375
2092,1,5.758474731445313
2093,2,7.797801513671875
2094,3,6.332471313476563
2095,1,5.80641357421875
2096,2,7.73521240234375
2097,3,6.370640869140625
2098,1,5.771845703125
2099,2,7.775281982421875
2100,3,6.417335205078125
2101,1,5.926452026367188
2102,2,7.652217407226562
2103,3,6.384749145507812
2104,1,5.962640380859375
2105,2,7.534517822265625
2106,3,6.34789306640625
2107,1,5.81358154296875
2108,2,7.53788330078125
2109,3,6.4965234375
2110,1,5.791019897460938
2111,2,7.468514404296875
2112,3,6.491778564453125
2113,1,5.7528924560546875
2114,2,7.541559448242188
2115,3,6.469088134765625
2116,1,5.734153442382812
2117,2,7.587167358398437
2118,3,6.440031127929688
2119,1,7.615362548828125
2120,2,5.7234228515625
2121,3,6.392777709960938
2122,1,7.656110229492188
2123,2,5.767078857421875
2124,3,6.344411010742188
2125,1,7.72832275390625
2126,2,5.630527954101563
2127,3,6.2827392578125
2128,1,7.751858520507812
2129,2,5.61516845703125
2130,3,6.3148565673828125
2131,1,7.716846923828125
2132,2,5.682327880859375
2133,3,6.338513793945313
2134,1,7.65471923828125
2135,2,5.733697509765625
2136,3,6.335222778320312
2137,1,7.613175659179688
2138,2,5.72482421875
2139,3,6.45376708984375
2140,1,7.546305541992187
2141,2,5.696796264648437
2142,3,6.427767944335938
2143,1,7.515787353515625
2144,2,5.6294488525390625
2145,3,6.422952880859375
2146,1,7.479064331054688
2147,2,5.509940795898437
2148,3,6.463748779296875
2149,1,7.380040893554687
2150,2,5.49830078125
2151,3,6.421302490234375
2152,1,7.3919384765625
2153,2,5.542781982421875
2154,3,6.387811889648438
2155,1,7.36158447265625
2156,2,5.592247314453125
2157,3,6.334953002929687
2158,1,7.38492919921875
2159,2,5.619905395507812
2160,3,6.3644189453125
2161,1,7.472293701171875
2162,2,5.66233642578125
2163,3,6.420817260742187
2164,1,7.499244384765625
2165,2,5.708800659179688
2166,3,6.422246704101562
2167,1,7.528899536132813
2168,2,5.677633056640625
2169,3,6.387647705078125
2170,1,7.4658270263671875
2171,2,5.715089111328125
2172,3,6.364513549804688
2173,1,7.4090509033203125
2174,2,5.743045654296875
2175,3,6.303614501953125
2176,1,7.400276489257813
2177,2,5.8157110595703125
2178,3,6.258739624023438
2179,1,7.364796142578125
2180,2,5.880389404296875
2181,3,6.1542626953125
2182,1,7.367763061523437
2183,2,5.84540283203125
2184,3,6.097098388671875
2185,1,7.336642456054688
2186,2,5.603701782226563
2187,3,6.054638671875
2188,1,7.307214965820313
2189,2,5.58691650390625
2190,3,6.0259027099609375
2191,1,7.300105590820312
2192,2,5.628299560546875
2193,3,6.0053167724609375
2194,1,7.3348974609375
2195,2,5.824764404296875
2196,3,6.004407348632813
2197,1,7.2370758056640625
2198,2,5.832589111328125
2199,3,6.049535522460937
2200,1,7.196378784179688
2201,2,5.720411376953125
2202,3,6.083853759765625
2203,1,7.258628540039062
2204,2,5.42193359375
2205,3,6.102977294921875
2206,1,7.237996826171875
2207,2,5.380640258789063
2208,3,5.904801025390625
2209,1,7.2058935546875
2210,2,5.4187774658203125
2211,3,6.0903863525390625
2212,1,7.162886962890625
2213,2,5.519452514648438
2214,3,6.214644165039062
2215,1,7.15541748046875
2216,2,5.680864868164062
2217,3,6.254461669921875
2218,1,7.161560668945312
2219,2,6.18631591796875
2220,3,5.679218139648437
2221,1,7.181163330078125
2222,2,5.664780883789063
2223,3,6.0326318359375
2224,1,5.468982543945312
2225,2,6.072127685546875
2226,3,7.330400390625
2227,1,5.445361938476562
2228,2,7.30701904296875
2229,3,6.058278198242188
2230,1,5.4234246826171875
2231,2,7.3039007568359375
2232,3,6.075247192382813
2233,1,5.423035278320312
2234,2,7.280695190429688
2235,3,6.013607788085937
2236,1,5.4063043212890625
2237,2,7.25181396484375
2238,3,6.00010498046875
2239,1,7.249716796875
2240,2,5.40791748046875
2241,3,5.972195434570312
2242,1,7.273580322265625
2243,2,5.434857177734375
2244,3,5.948926391601563
2245,1,7.281630249023437
2246,2,5.464864501953125
2247,3,5.963579711914062
2248,1,7.288402709960938
2249,2,5.450355224609375
2250,3,6.002073974609375
2251,1,7.264468383789063
2252,2,5.418301391601562
2253,3,6.05738037109375
2254,1,7.28555908203125
2255,2,5.4491796875
2256,3,6.111995239257812
2257,1,7.282182006835938
2258,2,5.436275024414062
2259,3,6.143429565429687
2260,1,7.25222412109375
2261,2,5.40298583984375
2262,3,6.051844482421875
2263,1,7.237432250976562
2264,2,5.405011596679688
2265,3,6.00242431640625
2266,1,7.233890991210938
2267,2,5.4708447265625
2268,3,5.910042114257813
2269,1,7.235601806640625
2270,2,5.470311279296875
2271,3,5.847498779296875
2272,1,7.248408203125
2273,2,5.45322265625
2274,3,5.86790283203125
2275,1,7.294650268554688
2276,2,5.4333251953125
2277,3,5.891680908203125
2278,1,7.332438354492187
2279,2,5.338060302734375
2280,3,5.967373657226562
2281,1,7.365550537109375
2282,2,5.53407470703125
2283,3,6.01037841796875
2284,1,7.391596069335938
2285,2,5.485482788085937
2286,3,5.98970458984375
2287,1,7.400372924804688
2288,2,5.258902587890625
2289,3,6.027838134765625
2290,1,7.45335205078125
2291,2,5.130440063476563
2292,3,5.994888916015625
2293,1,7.476094360351563
2294,2,5.059383239746094
2295,3,5.991616821289062
2296,1,7.47697021484375
2297,2,5.083355712890625
2298,3,5.9847265625
2299,1,7.405333251953125
2300,2,5.0664498901367185
2301,3,5.95449462890625
2302,1,7.405003662109375
2303,2,5.086399230957031
2304,3,5.940416259765625
2305,1,7.422950439453125
2306,2,5.02110107421875
2307,3,5.933240356445313
2308,1,7.443057861328125
2309,2,5.096135864257812
2310,3,5.937896118164063
2311,1,7.464539794921875
2312,2,5.064566955566407
2313,3,5.896181640625
2314,1,7.4434619140625
2315,2,5.090675048828125
2316,3,5.892025146484375
2317,1,7.454845581054688
2318,2,5.131741943359375
2319,3,5.87316650390625
2320,1,7.505921020507812
2321,2,5.18432373046875
2322,3,5.879482421875
2323,1,7.5246435546875
2324,2,5.239249877929687
2325,3,5.891908569335937
2326,1,7.563824462890625
2327,2,4.957369079589844
2328,3,5.853455810546875
2329,1,7.540350341796875
2330,2,4.852585144042969
2331,3,5.824239501953125
2332,1,7.501603393554688
2333,2,4.754112548828125
2334,3,5.847745971679688
2335,1,7.491573486328125
2336,2,5.918121948242187
2337,3,4.799657592773437
2338,1,7.533013916015625
2339,2,5.987703857421875
2340,3,4.900361938476562
2341,1,7.645599975585937
2342,2,5.096799621582031
2343,3,5.961956176757813
2344,1,7.609405517578125
2345,2,5.207291870117188
2346,3,5.98014404296875
2347,1,7.6073236083984375
2348,2,5.2762298583984375
2349,3,5.916777954101563
2350,1,7.625813598632813
2351,2,5.96700439453125
2352,3,5.21468505859375
2353,1,7.597134399414062
2354,2,6.028391723632812
2355,3,4.404081115722656
2356,1,7.550776977539062
2357,2,5.966962890625
2358,3,3.967684631347656
2359,1,7.569155883789063
2360,2,4.255894775390625
2361,3,5.924526977539062
2362,1,7.547659301757813
2363,2,5.266724853515625
2364,3,5.93108642578125
2365,1,7.534917602539062
2366,2,5.637852783203125
2367,3,5.891043090820313
2368,1,5.703251953125
2369,2,7.567830810546875
2370,3,5.924705810546875
2371,1,7.577134399414063
2372,2,5.840120849609375
2373,3,5.961124877929688
2374,1,5.631033325195313
2375,2,7.535567626953125
2376,3,6.040897216796875
2377,1,7.573163452148438
2378,2,5.515646362304688
2379,3,6.032216796875
2380,1,7.665250854492188
2381,2,5.289080810546875
2382,3,6.023473510742187
2383,1,7.594479370117187
2384,2,5.580204467773438
2385,3,6.022609252929687
2386,1,7.572125854492188
2387,2,6.081351928710937
2388,3,5.811005859375
2389,1,7.564771728515625
2390,2,6.12605224609375
2391,3,5.7546875
2392,1,7.6100921630859375
2393,2,6.122469482421875
2394,3,5.899739990234375
2395,1,7.555389404296875
2396,2,6.149469604492188
2397,3,6.099174194335937
2398,1,7.532144775390625
2399,2,6.170496826171875
2400,3,5.974855346679687
2401,1,7.529721069335937
2402,2,6.162929077148437
2403,3,6.194228515625
2404,1,7.579592895507813
2405,2,6.121439819335937
2406,3,6.1641259765625
2407,1,7.665099487304688
2408,2,6.089343872070312
2409,3,6.236913452148437
2410,1,6.129907836914063
2411,2,7.695477294921875
2412,3,6.181950073242188
2413,1,6.101948852539063
2414,2,7.726517944335938
2415,3,6.192434692382813
2416,1,6.057608642578125
2417,2,7.7193798828125
2418,3,6.12376220703125
2419,1,6.094299926757812
2420,2,7.764921264648438
2421,3,6.08933837890625
2422,1,6.145282592773437
2423,2,7.786753540039062
2424,3,5.967311401367187
2425,1,6.2177587890625
2426,2,7.723092651367187
2427,3,5.93194091796875
2428,1,7.733594970703125
2429,2,6.231475219726563
2430,3,5.965626831054688
2431,1,6.233267822265625
2432,2,7.743040161132813
2433,3,5.969199829101562
2434,1,6.1517401123046875
2435,2,7.74449951171875
2436,3,5.95939208984375
2437,1,6.157870483398438
2438,2,7.797817993164062
2439,3,5.999369506835937
2440,1,6.160093994140625
2441,2,7.859514770507812
2442,3,5.97043701171875
2443,1,6.14593994140625
2444,2,7.851695556640625
2445,3,5.92621337890625
2446,1,6.129794311523438
2447,2,7.793549194335937
2448,3,6.054994506835937
2449,1,6.155501098632812
2450,2,7.711094360351563
2451,3,6.080921020507812
2452,1,6.160732421875
2453,2,7.66022216796875
2454,3,5.951052856445313
2455,1,6.184414672851562
2456,2,5.835972900390625
2457,3,7.6214752197265625
2458,1,5.789527587890625
2459,2,6.232805786132812
2460,3,7.570200805664062
2461,1,6.30052978515625
2462,2,5.839953002929687
2463,3,7.424476318359375
2464,1,6.3253857421875
2465,2,7.479574584960938
2466,3,5.7729833984375
2467,1,6.293561401367188
2468,2,7.42153076171875
2469,3,5.759235229492187
2470,1,6.2513525390625
2471,2,7.6322393798828125
2472,3,5.954874877929687
2473,1,6.193402709960938
2474,2,7.588347778320313
2475,3,5.947847900390625
2476,1,6.178391723632813
2477,2,7.4826513671875
2478,3,5.94224853515625
2479,1,6.115794677734375
2480,2,5.913912963867188
2481,3,7.521206665039062
2482,1,6.129210815429688
2483,2,7.43152099609375
2484,3,5.9503955078125
2485,1,6.18035400390625
2486,2,6.03059814453125
2487,3,7.4199072265625
2488,1,6.177237548828125
2489,2,6.085047607421875
2490,3,7.415466918945312
2491,1,5.962666625976563
2492,2,6.14203369140625
2493,3,7.4543017578125
2494,1,6.0146142578125
2495,2,6.1446435546875
2496,3,7.573765869140625
2497,1,5.510492553710938
2498,2,6.15670166015625
2499,3,7.713663330078125
2500,1,6.147578735351562
2501,2,4.892278442382812
2502,3,7.601139526367188
2503,1,6.145411376953125
2504,2,4.7793276977539065
2505,3,7.506755981445313
2506,1,6.14914306640625
2507,2,7.483551635742187
2508,3,4.979524841308594
2509,1,6.143214111328125
2510,2,7.453743896484375
2511,3,5.19642822265625
2512,1,6.129188842773438
2513,2,7.337659912109375
2514,3,5.5677294921875
2515,1,6.20226806640625
2516,2,7.340526123046875
2517,3,5.26375
2518,1,6.210323486328125
2519,2,7.442015991210938
2520,3,5.0052252197265625
2521,1,6.14024658203125
2522,2,7.553401489257812
2523,3,4.846100769042969
2524,1,6.156032104492187
2525,2,7.585706176757813
2526,3,4.393517150878906
2527,1,6.173663330078125
2528,2,7.501547241210938
2529,3,4.295628967285157
2530,1,6.191004028320313
2531,2,7.381167602539063
2532,3,4.632053527832031
2533,1,5.2339324951171875
2534,2,6.154002075195312
2535,3,7.302481689453125
2536,1,5.51435546875
2537,2,6.138959350585938
2538,3,7.45443603515625
2539,1,5.586314086914062
2540,2,6.103290405273437
2541,3,7.38616455078125
2542,1,6.025084838867188
2543,2,7.351878051757812
2544,3,5.041293334960938
2545,1,6.000438842773438
2546,2,7.408446655273438
2547,3,4.549789123535156
2548,1,5.97188720703125
2549,2,7.316332397460937
2550,3,4.339715270996094
2551,1,5.971741333007812
2552,2,7.306704711914063
2553,3,4.153168640136719
2554,1,5.974424438476563
2555,2,4.964052734375
2556,3,7.321256103515625
2557,1,5.25447265625
2558,2,5.985142211914063
2559,3,7.286592407226562
2560,1,5.2535333251953125
2561,2,6.017904663085938
2562,3,7.281433715820312
2563,1,6.0740509033203125
2564,2,5.649027099609375
2565,3,7.27595458984375
2566,1,5.575084838867188
2567,2,6.09278564453125
2568,3,7.287052001953125
2569,1,5.714699096679688
2570,2,6.099840087890625
2571,3,7.2833056640625
2572,1,5.661229858398437
2573,2,6.087534790039062
2574,3,7.293931274414063
2575,1,5.4447314453125
2576,2,6.0821295166015625
2577,3,7.344041748046875
2578,1,6.139640502929687
2579,2,5.296813354492188
2580,3,7.37697998046875
2581,1,6.121735229492187
2582,2,5.141511840820312
2583,3,7.380758666992188
2584,1,6.099424438476563
2585,2,5.215172119140625
2586,3,7.324776611328125
2587,1,6.065656127929688
2588,2,4.955928344726562
2589,3,7.281171875
2590,1,6.037444458007813
2591,2,5.080179138183594
2592,3,7.28990234375
2593,1,6.029300537109375
2594,2,7.28877197265625
2595,3,5.250594482421875
2596,1,6.024290161132813
2597,2,7.288983764648438
2598,3,5.637781372070313
2599,1,6.057931518554687
2600,2,5.37173828125
2601,3,7.309561767578125
2602,1,6.079384155273438
2603,2,5.276917724609375
2604,3,7.298092041015625
2605,1,5.058480834960937
2606,2,7.274366455078125
2607,3,6.107845458984375
2608,1,4.841160888671875
2609,2,7.289511108398438
2610,3,6.0884423828125
2611,1,7.29931396484375
2612,2,6.0915289306640625
2613,3,4.281642761230469
2614,1,7.288400268554687
2615,2,6.052609252929687
2616,3,3.7750143432617187
2617,1,7.2282568359375
2618,2,6.088907470703125
2619,3,3.5420660400390624
2620,1,7.220213012695313
2621,2,6.055590209960937
2622,3,3.73616455078125
2623,1,4.127777709960937
2624,2,7.451754150390625
2625,3,6.07078857421875
2626,1,4.593511657714844
2627,2,7.406574096679687
2628,3,6.085833129882812
2629,1,7.443438110351562
2630,2,6.061741943359375
2631,3,5.016446228027344
2632,1,7.4393243408203125
2633,2,6.067610473632812
2634,3,5.25799560546875
2635,1,7.18243408203125
2636,2,6.000965576171875
2637,3,5.458421020507813
2638,1,7.227089233398438
2639,2,6.014052734375
2640,3,5.033449096679687
2641,1,7.213372802734375
2642,2,6.04095703125
2643,3,4.15097412109375
2644,1,6.096047973632812
2645,2,7.216456298828125
2646,3,3.288071594238281
2647,1,6.254337768554688
2648,2,7.192968139648437
2649,3,3.289813232421875
2650,1,7.475067749023437
2651,2,6.38532470703125
2652,3,3.8029043579101565
2653,1,7.43056640625
2654,2,6.386802978515625
2655,3,4.677433776855469
2656,1,7.43912353515625
2657,2,6.31440673828125
2658,3,5.1378173828125
2659,1,7.429608154296875
2660,2,6.300276489257812
2661,3,5.030050659179688
2662,1,7.389776000976562
2663,2,6.124310302734375
2664,3,5.367314453125
2665,1,7.503370361328125
2666,2,6.13613525390625
2667,3,5.406325073242187
2668,1,7.498327026367187
2669,2,6.0926171875
2670,3,5.507794799804688
2671,1,7.519609985351562
2672,2,6.052969360351563
2673,3,5.194329833984375
2674,1,7.5264044189453125
2675,2,6.0280712890625
2676,3,4.962113342285156
2677,1,7.533460083007813
2678,2,5.9091748046875
2679,3,5.022386169433593
2680,1,7.378023071289062
2681,2,5.826921997070312
2682,3,5.283388061523437
2683,1,7.37899658203125
2684,2,5.8453216552734375
2685,3,5.501903076171875
2686,1,7.401472778320312
2687,2,5.807207641601562
2688,3,5.768870849609375
2689,1,7.394223022460937
2690,2,5.831321411132812
2691,3,5.804740600585937
2692,1,7.41642578125
2693,2,5.897507934570313
2694,3,5.824039306640625
2695,1,5.997181396484375
2696,2,7.381304931640625
2697,3,5.826799926757812
2698,1,6.0833978271484375
2699,2,7.362272338867188
2700,3,5.79392822265625
2701,1,6.038130493164062
2702,2,7.368539428710937
2703,3,5.824945068359375
2704,1,7.360325317382813
2705,2,5.968607788085937
2706,3,5.857762451171875
2707,1,7.362739868164063
2708,2,5.801492309570312
2709,3,5.901778564453125
2710,1,7.379749145507812
2711,2,5.82335205078125
2712,3,5.782939453125
2713,1,5.819244384765625
2714,2,7.38400146484375
2715,3,5.811932983398438
2716,1,5.889252319335937
2717,2,7.3941278076171875
2718,3,5.824743041992187
2719,1,5.856583862304688
2720,2,7.402323608398437
2721,3,5.8663092041015625
2722,1,5.948045654296875
2723,2,7.375557861328125
2724,3,5.881012573242187
2725,1,5.88609130859375
2726,2,7.351437377929687
2727,3,5.910648193359375
2728,1,5.8245556640625
2729,2,7.378325805664063
2730,3,5.9314013671875
2731,1,7.356647338867187
2732,2,6.05094970703125
2733,3,5.9531402587890625
2734,1,7.47457275390625
2735,2,6.04363037109375
2736,3,5.93901123046875
2737,1,7.516351928710938
2738,2,6.163067626953125
2739,3,5.907673950195313
2740,1,7.00472412109375
2741,2,6.26168212890625
2742,3,5.908070678710938
2743,1,7.4086981201171875
2744,2,6.284411010742187
2745,3,5.87536865234375
2746,1,7.293469848632813
2747,2,6.273229370117187
2748,3,5.844472045898438
2749,1,7.267125244140625
2750,2,6.192093505859375
2751,3,5.808526611328125
2752,1,7.1879443359375
2753,2,6.226363525390625
2754,3,5.888186645507813
2755,1,7.2160101318359375
2756,2,6.2556085205078125
2757,3,5.910963134765625
2758,1,7.222111206054688
2759,2,6.25310546875
2760,3,5.9564404296875
2761,1,7.30298583984375
2762,2,6.232135009765625
2763,3,5.982356567382812
2764,1,5.879598388671875
2765,2,7.275199584960937
2766,3,5.971177978515625
2767,1,5.533226318359375
2768,2,7.235492553710937
2769,3,6.0063330078125
2770,1,5.549566650390625
2771,2,6.697088012695312
2772,3,6.029072265625
2773,1,5.567586669921875
2774,2,6.481827392578125
2775,3,6.041435546875
2776,1,5.518197631835937
2777,2,6.337465209960937
2778,3,6.06398681640625
2779,1,5.737943725585938
2780,2,6.46995849609375
2781,3,6.074615478515625
2782,1,5.785199584960938
2783,2,6.094215698242188
2784,3,6.50190185546875
2785,1,5.925596923828125
2786,2,6.076962890625
2787,3,7.022396240234375
2788,1,5.923218383789062
2789,2,6.147260131835938
2790,3,6.842958984375
2791,1,5.927420654296875
2792,2,6.145310668945313
2793,3,6.782203369140625
2794,1,6.2241064453125
2795,2,5.75345458984375
2796,3,6.64864013671875
2797,1,6.245863647460937
2798,2,5.4338330078125
2799,3,6.416672973632813
2800,1,6.262185668945312
2801,2,5.62540771484375
2802,3,6.350366821289063
2803,1,5.5676641845703125
2804,2,6.294005126953125
2805,3,6.353624267578125
2806,1,5.549725341796875
2807,2,6.249306030273438
2808,3,6.371049194335938
2809,1,5.134729614257813
2810,2,6.287615356445312
2811,3,6.849567260742187
2812,1,5.046307373046875
2813,2,6.333102416992188
2814,3,7.145853271484375
2815,1,4.939111328125
2816,2,6.240313720703125
2817,3,6.66013671875
2818,1,5.117262573242187
2819,2,6.370197143554687
2820,3,6.716557006835938
2821,1,6.310242919921875
2822,2,5.43096435546875
2823,3,7.248822631835938
2824,1,4.9947116088867185
2825,2,6.086605224609375
2826,3,6.565489501953125
2827,1,6.12080810546875
2828,2,4.259237670898438
2829,3,7.2305712890625
2830,1,3.6882089233398436
2831,2,6.274420166015625
2832,3,7.22933837890625
2833,1,4.024624938964844
2834,2,6.320733642578125
2835,3,7.480235595703125
2836,1,4.603141479492187
2837,2,6.3641943359375
2838,3,7.357810668945312
2839,1,4.925154113769532
2840,2,6.44326904296875
2841,3,7.3708642578125
2842,1,5.100299682617187
2843,2,6.496141357421875
2844,3,7.387569580078125
2845,1,5.135211181640625
2846,2,6.464078979492188
2847,3,7.440025634765625
2848,1,6.695493774414063
2849,2,5.3702685546875
2850,3,7.508563842773437
2851,1,6.61230712890625
2852,2,5.582638549804687
2853,3,7.446669311523437
2854,1,5.658792114257812
2855,2,6.511411743164063
2856,3,7.42925537109375
2857,1,5.757931518554687
2858,2,6.366813354492187
2859,3,7.524715576171875
2860,1,5.767110595703125
2861,2,6.393047485351563
2862,3,7.51983154296875
2863,1,5.698168334960937
2864,2,6.327040405273437
2865,3,7.475961303710937
2866,1,6.310361328125
2867,2,5.595344848632813
2868,3,7.4893408203125
2869,1,6.304274291992187
2870,2,5.5142041015625
2871,3,7.478709106445312
2872,1,5.43448486328125
2873,2,6.319727172851563
2874,3,7.4250250244140625
2875,1,5.432985229492187
2876,2,6.318024291992187
2877,3,7.4798681640625
2878,1,5.586578979492187
2879,2,6.318196411132813
2880,3,7.56984619140625
2881,1,5.557601318359375
2882,2,6.367532348632812
2883,3,7.771702880859375
2884,1,5.412958374023438
2885,2,6.33442626953125
2886,3,7.765576782226563
2887,1,5.465548095703125
2888,2,6.330510864257812
2889,3,7.69508544921875
2890,1,5.311336059570312
2891,2,6.289168701171875
2892,3,7.765919799804688
2893,1,5.480455932617187
2894,2,6.239733276367187
2895,3,7.65741455078125
2896,1,5.72844970703125
2897,2,6.265955200195313
2898,3,7.442882690429688
2899,1,5.778880615234375
2900,2,6.19732666015625
2901,3,7.275706787109375
2902,1,5.82658447265625
2903,2,6.217003173828125
2904,3,7.277044677734375
2905,1,5.7944488525390625
2906,2,6.200067749023438
2907,3,7.188993530273438
2908,1,5.8069482421875
2909,2,6.161558837890625
2910,3,7.064647827148438
2911,1,5.6674267578125
2912,2,6.150433349609375
2913,3,7.164146728515625
2914,1,5.535872192382812
2915,2,6.11846923828125
2916,3,7.19020263671875
2917,1,5.366392822265625
2918,2,6.181695556640625
2919,3,7.265199584960937
2920,1,5.4820623779296875
2921,2,6.23660888671875
2922,3,7.431016235351563
2923,1,5.557561645507812
2924,2,6.263843383789062
2925,3,7.395394897460937
2926,1,5.544012451171875
2927,2,6.253695678710938
2928,3,7.164400634765625
2929,1,5.599219970703125
2930,2,6.179228515625
2931,3,6.375282592773438
2932,1,5.53282958984375
2933,2,6.196630859375
2934,3,7.119261474609375
2935,1,5.191350708007812
2936,2,6.133872680664062
2937,3,7.097872924804688
2938,1,4.88243896484375
2939,2,6.1361669921875
2940,3,7.124855346679688
2941,1,4.771202697753906
2942,2,6.213477783203125
2943,3,7.104569091796875
2944,1,4.865575561523437
2945,2,7.5022430419921875
2946,3,6.165626831054688
2947,1,4.7622592163085935
2948,2,7.594437866210938
2949,3,6.20356689453125
2950,1,4.9232919311523435
2951,2,7.78436279296875
2952,3,6.318524169921875
2953,1,5.065838012695313
2954,2,7.208604125976563
2955,3,6.319117431640625
2956,1,7.3737030029296875
2957,2,5.16589111328125
2958,3,6.288036499023438
2959,1,4.778572998046875
2960,2,7.229324951171875
2961,3,6.324473876953125
2962,1,7.23576416015625
2963,2,4.201090698242187
2964,3,6.274104614257812
2965,1,3.5725323486328127
2966,2,7.347133178710937
2967,3,6.133082275390625
2968,1,7.381324462890625
2969,2,3.917274169921875
2970,3,6.160116577148438
2971,1,4.477237243652343
2972,2,7.396851806640625
2973,3,6.206146850585937
2974,1,4.959122924804688
2975,2,7.303160400390625
2976,3,6.181631469726563
2977,1,5.2562103271484375
2978,2,7.419595336914062
2979,3,6.252091064453125
2980,1,5.843067016601562
2981,2,7.282982177734375
2982,3,6.346676025390625
2983,1,5.80721923828125
2984,2,7.219878540039063
2985,3,6.31501953125
2986,1,7.173853759765625
2987,2,5.963053588867187
2988,3,6.270711669921875
2989,1,5.629000244140625
2990,2,7.417525024414062
2991,3,6.314873046875
2992,1,5.318528442382813
2993,2,7.259260864257812
2994,3,6.285823364257812
2995,1,5.030259704589843
2996,2,7.338937377929687
2997,3,6.2204345703125
2998,1,4.942042846679687
2999,2,7.4257965087890625
3000,3,6.23703369140625
3001,1,5.074423217773438
3002,2,7.3562164306640625
3003,3,6.403694458007813
3004,4,2.895224914550781
3005,1,5.167462158203125
3006,2,7.2934912109375
3007,3,6.475390625
3008,4,3.144198303222656
3009,1,5.384976196289062
3010,2,7.263757934570313
3011,3,6.48784912109375
3012,4,3.4110006713867187
3013,1,5.440647583007813
3014,2,7.344889526367187
3015,3,6.450628051757812
3016,4,3.3113525390625
3017,1,7.002274169921875
3018,2,5.5676727294921875
3019,3,6.450895385742188
3020,4,3.2494442749023436
3021,1,7.40716552734375
3022,2,5.13982421875
3023,3,6.364675903320313
3024,4,3.0709133911132813
3025,1,7.472545776367188
3026,2,5.174935302734375
3027,3,6.327465209960938
3028,4,2.691087646484375
3029,1,7.40367919921875
3030,2,5.3021240234375
3031,3,6.341961669921875
3032,1,7.381136474609375
3033,2,5.50590576171875
3034,3,6.318866577148437
3035,1,7.25353271484375
3036,2,5.5910882568359375
3037,3,6.347569580078125
3038,1,7.148174438476563
3039,2,5.743956909179688
3040,3,6.411585083007813
3041,1,5.79125244140625
3042,2,7.181097412109375
3043,3,6.435067138671875
3044,1,5.8610772705078125
3045,2,7.20497802734375
3046,3,6.455699462890625
3047,1,7.276783447265625
3048,2,5.93119873046875
3049,3,6.441423950195312
3050,1,7.668862915039062
3051,2,5.912653198242188
3052,3,6.4368603515625
3053,1,5.917174072265625
3054,2,7.902278442382812
3055,3,6.458600463867188
3056,1,5.860223999023438
3057,2,7.895789794921875
3058,3,6.489765625
3059,1,5.853974609375
3060,2,7.912359008789062
3061,3,6.519386596679688
3062,1,5.731263427734375
3063,2,7.669590454101563
3064,3,6.508493041992187
3065,1,5.982582397460938
3066,2,7.75168212890625
3067,3,6.526952514648437
3068,1,5.9451226806640625
3069,2,7.7338916015625
3070,3,6.416823120117187
3071,1,5.7262200927734375
3072,2,7.6393408203125
3073,3,6.417741088867188
3074,1,5.820299072265625
3075,2,7.526856689453125
3076,3,6.3856005859375
3077,1,6.111048583984375
3078,2,7.523174438476563
3079,3,6.393544921875
3080,1,6.127045288085937
3081,2,7.590005493164062
3082,3,6.40912109375
3083,1,6.08021484375
3084,2,7.743975830078125
3085,3,6.414517211914062
3086,1,6.029558715820312
3087,2,7.2131719970703125
3088,3,6.40932861328125
3089,1,5.908710327148437
3090,2,7.2407275390625
3091,3,6.39507080078125
3092,1,5.881734008789063
3093,2,7.223583374023438
3094,3,6.383275146484375
3095,1,5.987081298828125
3096,2,7.32116943359375
3097,3,6.377809448242187
3098,1,6.04709716796875
3099,2,7.255504760742188
3100,3,6.347681884765625
3101,1,6.167772216796875
3102,2,7.284348754882813
3103,3,6.323214111328125
3104,1,6.134360961914062
3105,2,7.586084594726563
3106,3,6.36788330078125
3107,1,6.13575439453125
3108,2,7.56995849609375
3109,3,6.363611450195313
3110,1,6.115020141601563
3111,2,7.47093017578125
3112,3,6.3631884765625
3113,1,6.109020385742188
3114,2,7.480048828125
3115,3,6.471537475585937
3116,1,6.1565399169921875
3117,2,7.410416259765625
3118,3,6.550426025390625
3119,1,7.392424926757813
3120,2,6.126080932617188
3121,3,6.427265014648437
3122,1,6.079841918945313
3123,2,7.4234423828125
3124,3,6.476575317382813
3125,1,5.734230346679688
3126,2,7.376925048828125
3127,3,6.4131011962890625
3128,1,5.605018920898438
3129,2,7.516749877929687
3130,3,6.403908081054688
3131,1,5.788652954101562
3132,2,7.4093994140625
3133,3,6.390850219726563
3134,1,5.8212347412109375
3135,2,7.370927734375
3136,3,6.409808959960937
3137,1,5.6231201171875
3138,2,7.8153228759765625
3139,3,6.445357055664062
3140,1,5.555695190429687
3141,2,7.4224072265625
3142,3,6.4547576904296875
3143,1,5.5377392578125
3144,2,7.79724609375
3145,3,6.5167626953125
3146,1,5.672314453125
3147,2,7.67158203125
3148,3,6.528223876953125
3149,1,5.7023382568359375
3150,2,7.548909301757813
3151,3,6.511849365234375
3152,1,7.399141845703125
3153,2,5.591898193359375
3154,3,6.505325927734375
3155,1,5.17690673828125
3156,2,7.546405639648437
3157,3,6.487529296875
3158,1,7.608816528320313
3159,2,5.0381402587890625
3160,3,6.529351806640625
3161,1,5.071431884765625
3162,2,7.595475463867188
3163,3,6.511878662109375
3164,1,5.166951904296875
3165,2,7.620732421875
3166,3,6.501109619140625
3167,1,7.521585693359375
3168,2,5.175978393554687
3169,3,6.516840209960938
3170,1,7.491212768554687
3171,2,5.133668823242187
3172,3,6.51072509765625
3173,1,5.362307739257813
3174,2,7.4995556640625
3175,3,6.536516723632812
3176,1,7.580963134765625
3177,2,5.615693969726562
3178,3,6.5263037109375
3179,1,7.834464111328125
3180,2,5.704035034179688
3181,3,6.57720703125
3182,1,7.797462158203125
3183,2,5.843944091796875
3184,3,6.5919866943359375
3185,1,7.55202392578125
3186,2,5.532963256835938
3187,3,6.587680053710938
3188,1,7.516062622070312
3189,2,5.4979095458984375
3190,3,6.572410888671875
3191,1,7.459248046875
3192,2,5.354309692382812
3193,3,6.550828857421875
3194,1,7.4137353515625
3195,2,5.584683837890625
3196,3,6.535855712890625
3197,1,7.610830078125
3198,2,5.383568115234375
3199,3,6.620148315429687
3200,1,7.632279052734375
3201,2,5.34306396484375
3202,3,6.599871215820312
3203,1,7.62747314453125
3204,2,5.494840087890625
3205,3,6.581137084960938
3206,1,7.569312744140625
3207,2,5.594351196289063
3208,3,6.54558349609375
3209,1,7.55944091796875
3210,2,5.660250854492188
3211,3,6.50726806640625
3212,1,5.687594604492188
3213,2,7.852664184570313
3214,3,6.493250122070313
3215,1,5.768327026367188
3216,2,7.77280029296875
3217,3,6.483682250976562
3218,1,5.979625854492188
3219,2,7.630685424804687
3220,3,6.460588989257812
3221,1,6.186719970703125
3222,2,7.544102172851563
3223,3,6.514749755859375
3224,1,6.15630859375
3225,2,7.636952514648438
3226,3,6.5442626953125
3227,1,6.154474487304688
3228,2,7.651392822265625
3229,3,6.4601287841796875
3230,1,6.16893798828125
3231,2,7.763339233398438
3232,3,6.45419189453125
3233,1,6.00612060546875
3234,2,7.732183837890625
3235,3,6.418153686523437
3236,1,5.89474365234375
3237,2,7.686576538085937
3238,3,6.435159912109375
3239,1,5.946903686523438
3240,2,6.490491333007813
3241,3,7.5320166015625
3242,1,6.081163940429687
3243,2,7.106517333984375
3244,3,6.487575073242187
3245,1,6.043296508789062
3246,2,7.03831298828125
3247,3,6.45057373046875
3248,1,5.896465454101563
3249,2,6.910776977539062
3250,3,6.457647094726562
3251,1,5.862682495117188
3252,2,6.81571533203125
3253,3,6.454215698242187
3254,1,5.82336181640625
3255,2,6.709136962890625
3256,3,6.4089202880859375
3257,1,6.6799688720703125
3258,2,5.94176513671875
3259,3,6.365077514648437
3260,1,5.9441900634765625
3261,2,6.679014892578125
3262,3,6.330170288085937
3263,1,6.729402465820312
3264,2,5.763277587890625
3265,3,6.2884716796875
3266,1,6.7974853515625
3267,2,5.8346923828125
3268,3,6.432620239257813
3269,1,5.812735595703125
3270,2,6.892265625
3271,3,6.471288452148437
3272,1,6.9669122314453125
3273,2,5.703291625976562
3274,3,6.479801635742188
3275,1,5.547490844726562
3276,2,7.042376098632812
3277,3,6.5158251953125
3278,1,5.446785888671875
3279,2,7.143409423828125
3280,3,6.496864624023438
3281,1,5.52230224609375
3282,2,7.158662719726562
3283,3,6.503966064453125
3284,1,5.6957635498046875
3285,2,7.196282958984375
3286,3,6.456748657226562
3287,1,5.781065673828125
3288,2,7.19527099609375
3289,3,6.476092529296875
3290,1,5.833089599609375
3291,2,7.214652709960937
3292,3,6.469926147460938
3293,1,5.845176391601562
3294,2,7.170549926757812
3295,3,6.457900390625
3296,1,5.923797607421875
3297,2,7.132277221679687
3298,3,6.456590576171875
3299,1,7.15953857421875
3300,2,6.009534301757813
3301,3,6.465104370117188
3302,1,6.0552911376953125
3303,2,7.131851806640625
3304,3,6.4726629638671875
3305,1,6.021819458007813
3306,2,7.527059326171875
3307,3,6.47553466796875
3308,1,6.076510620117188
3309,2,7.087607421875
3310,3,6.494140625
3311,1,6.076862182617187
3312,2,7.141179809570312
3313,3,6.50604248046875
3314,1,6.064918823242188
3315,2,7.685588989257813
3316,3,6.519090576171875
3317,1,6.101795654296875
3318,2,7.76635986328125
3319,3,6.50157470703125
3320,1,7.74971435546875
3321,2,6.132119750976562
3322,3,6.49615234375
3323,1,7.716571655273437
3324,2,6.0955133056640625
3325,3,6.2564990234375
3326,1,7.6805877685546875
3327,2,6.007962646484375
3328,3,6.212845458984375
3329,1,7.65484375
3330,2,5.9585113525390625
3331,3,6.22555908203125
3332,1,7.6631317138671875
3333,2,5.69935791015625
3334,3,6.177093505859375
3335,1,7.746063232421875
3336,2,5.734281616210938
3337,3,6.2914453125
3338,1,7.933942260742188
3339,2,5.815936279296875
3340,3,6.278848876953125
3341,1,5.848203125
3342,2,7.936824340820312
3343,3,6.280931396484375
3344,1,5.8564520263671875
3345,2,7.925751953125
3346,3,6.315001220703125
3347,1,7.814861450195313
3348,2,5.870868530273437
3349,3,6.28599365234375
3350,1,7.788502197265625
3351,2,5.765144653320313
3352,3,6.300718994140625
3353,1,7.818764038085938
3354,2,6.105501098632812
3355,3,6.29217529296875
3356,1,7.75921875
3357,2,5.853125
3358,3,6.268385009765625
3359,1,7.638231201171875
3360,2,6.184614868164062
3361,3,6.210721435546875
3362,1,6.192464599609375
3363,2,7.580989990234375
3364,3,6.206292724609375
3365,1,7.636883544921875
3366,2,6.187969970703125
3367,3,6.230762939453125
3368,1,7.687039184570312
3369,2,6.119927978515625
3370,3,6.186023559570312
3371,1,6.145306396484375
3372,2,7.587552490234375
3373,3,6.03371337890625
3374,1,7.524857788085938
3375,2,6.0764453125
3376,3,6.01978515625
3377,1,7.4271875
3378,2,6.064447631835938
3379,3,6.097997436523437
3380,1,6.063214111328125
3381,2,7.364721069335937
3382,3,6.0277392578125
3383,1,6.075638427734375
3384,2,7.293770751953125
3385,3,6.063196411132813
3386,1,6.055392456054688
3387,2,7.20996337890625
3388,3,6.155477294921875
3389,1,6.13735595703125
3390,2,7.205665283203125
3391,3,6.22832275390625
3392,1,6.006648559570312
3393,2,7.2446240234375
3394,3,6.273440551757813
3395,1,7.340175170898437
3396,2,6.168106689453125
3397,3,6.315018310546875
3398,1,6.064815063476562
3399,2,7.417589721679687
3400,3,6.29061767578125
3401,1,5.951870727539062
3402,2,7.586255493164063
3403,3,6.165296630859375
3404,1,6.02076171875
3405,2,7.376251220703125
3406,3,6.1852685546875
3407,1,7.2303369140625
3408,2,5.993033447265625
3409,3,6.195299682617187
3410,1,7.188668212890625
3411,2,5.96391357421875
3412,3,6.25492431640625
3413,1,7.203739624023438
3414,2,5.946507568359375
3415,3,6.175806884765625
3416,1,6.934165649414062
3417,2,5.942037963867188
3418,3,6.153870849609375
3419,1,7.087427978515625
3420,2,6.029880981445313
3421,3,6.056373291015625
3422,1,7.230233154296875
3423,2,6.066035766601562
3424,3,6.165046997070313
3425,1,7.466870727539063
3426,2,5.984225463867188
3427,3,6.241331176757813
3428,1,7.57392822265625
3429,2,5.942615966796875
3430,3,6.360318603515625
3431,1,7.4325634765625
3432,2,6.025120849609375
3433,3,6.29580078125
3434,1,7.250418701171875
3435,2,6.049520874023438
3436,3,6.333780517578125
3437,1,7.1482763671875
3438,2,6.051964111328125
3439,3,6.379754638671875
3440,1,7.204567260742188
3441,2,6.088451538085938
3442,3,6.397988891601562
3443,1,7.2196417236328125
3444,2,6.168173217773438
3445,3,6.37761962890625
3446,1,7.158726806640625
3447,2,6.1905712890625
3448,3,6.39193359375
3449,1,7.143955078125
3450,2,6.266340942382812
3451,3,6.397705688476562
3452,1,7.197153930664062
3453,2,6.20994384765625
3454,3,6.40306396484375
3455,1,7.2872802734375
3456,2,5.9003173828125
3457,3,6.3951318359375
3458,1,7.3597998046875
3459,2,6.403578491210937
3460,3,5.94945556640625
3461,1,7.44050537109375
3462,2,6.4152679443359375
3463,3,5.981372680664062
3464,1,7.408699951171875
3465,2,6.418207397460938
3466,3,5.91923828125
3467,1,7.559338989257813
3468,2,6.4098583984375
3469,3,5.9541168212890625
3470,1,7.563959350585938
3471,2,6.392109985351563
3472,3,5.967067260742187
3473,1,7.574186401367188
3474,2,6.38866455078125
3475,3,6.043518676757812
3476,1,7.524312744140625
3477,2,6.375797729492188
3478,3,5.996213989257813
3479,1,7.418139038085937
3480,2,6.33110595703125
3481,3,5.99225830078125
3482,1,7.09970947265625
3483,2,6.328184814453125
3484,3,5.955321044921875
3485,1,7.085582275390625
3486,2,6.303584594726562
3487,3,6.008410034179687
3488,1,7.03822998046875
3489,2,6.297201538085938
3490,3,6.065477905273437
3491,1,6.870630493164063
3492,2,6.304150390625
3493,3,6.1455859375
3494,1,6.795519409179687
3495,2,6.326988525390625
3496,3,6.166361694335937
3497,1,6.868123779296875
3498,2,6.4091552734375
3499,3,6.138989868164063
3500,1,7.23849365234375
3501,2,6.3953759765625
3502,3,5.762830810546875
3503,1,7.3308544921875
3504,2,6.35894775390625
3505,3,5.43966796875
3506,1,7.455089111328125
3507,2,6.380234375
3508,3,5.4093798828125
3509,1,7.354439697265625
3510,2,6.47171630859375
3511,3,5.5062890625
3512,1,7.37083251953125
3513,2,6.424971923828125
3514,3,5.517865600585938
3515,1,7.495177001953125
3516,2,6.478336791992188
3517,3,4.966021118164062
3518,1,7.687905883789062
3519,2,6.32859130859375
3520,3,5.165114135742187
3521,1,7.668731689453125
3522,2,6.197573852539063
3523,3,5.474644165039063
3524,1,7.678128662109375
3525,2,6.177275390625
3526,3,5.549721069335938
3527,1,7.641878662109375
3528,2,5.593232421875
3529,3,6.170320434570312
3530,1,7.546700439453125
3531,2,5.75242431640625
3532,3,6.149473876953125
3533,1,7.550443115234375
3534,2,5.76311767578125
3535,3,6.202376708984375
3536,1,7.68527099609375
3537,2,5.630928344726563
3538,3,6.159046630859375
3539,1,7.69943359375
3540,2,5.666104125976562
3541,3,6.203318481445312
3542,1,5.55840576171875
3543,2,7.729686889648438
3544,3,6.296359252929688
